Date,Price_Brent
2020-01-01,67.77
2020-01-02,67.05
2020-01-03,69.08
2020-01-04,69.47
2020-01-05,69.86
2020-01-06,70.25
2020-01-07,68.74
2020-01-08,67.31
2020-01-09,66.58
2020-01-10,66.77
2020-01-11,65.89333333333333
2020-01-12,65.01666666666667
2020-01-13,64.14
2020-01-14,64.45
2020-01-15,63.29
2020-01-16,64.63
2020-01-17,64.05
2020-01-18,64.24333333333333
2020-01-19,64.43666666666667
2020-01-20,64.63
2020-01-21,63.66
2020-01-22,62.11
2020-01-23,61.26
2020-01-24,59.34
2020-01-25,59.07333333333334
2020-01-26,58.806666666666665
2020-01-27,58.54
2020-01-28,59.37
2020-01-29,59.46
2020-01-30,57.72
2020-01-31,57.77
2020-02-01,56.513333333333335
2020-02-02,55.25666666666667
2020-02-03,54.0
2020-02-04,53.9
2020-02-05,55.36
2020-02-06,55.18
2020-02-07,54.53
2020-02-08,54.15
2020-02-09,53.77
2020-02-10,53.39
2020-02-11,54.0
2020-02-12,55.54
2020-02-13,56.34
2020-02-14,57.37
2020-02-15,57.52333333333333
2020-02-16,57.67666666666666
2020-02-17,57.83
2020-02-18,57.35
2020-02-19,59.72
2020-02-20,59.57
2020-02-21,58.6
2020-02-22,57.97
2020-02-23,57.34
2020-02-24,56.71
2020-02-25,55.29
2020-02-26,54.96
2020-02-27,52.19
2020-02-28,51.31
2020-02-29,51.71333333333334
2020-03-01,52.11666666666667
2020-03-02,52.52
2020-03-03,52.24
2020-03-04,51.86
2020-03-05,51.29
2020-03-06,45.6
2020-03-07,42.17666666666667
2020-03-08,38.75333333333333
2020-03-09,35.33
2020-03-10,35.57
2020-03-11,34.45
2020-03-12,31.02
2020-03-13,32.25
2020-03-14,30.826666666666668
2020-03-15,29.403333333333332
2020-03-16,27.98
2020-03-17,27.97
2020-03-18,22.79
2020-03-19,23.98
2020-03-20,25.55
2020-03-21,24.95
2020-03-22,24.35
2020-03-23,23.75
2020-03-24,24.5
2020-03-25,25.62
2020-03-26,23.55
2020-03-27,22.39
2020-03-28,21.323333333333334
2020-03-29,20.256666666666668
2020-03-30,19.19
2020-03-31,14.85
2020-04-01,14.97
2020-04-02,20.24
2020-04-03,24.33
2020-04-04,23.746666666666666
2020-04-05,23.16333333333333
2020-04-06,22.58
2020-04-07,22.1
2020-04-08,25.22
2020-04-09,20.23
2020-04-10,20.532
2020-04-11,20.834
2020-04-12,21.136
2020-04-13,21.438
2020-04-14,21.74
2020-04-15,19.8
2020-04-16,18.69
2020-04-17,19.75
2020-04-18,18.953333333333333
2020-04-19,18.156666666666666
2020-04-20,17.36
2020-04-21,9.12
2020-04-22,13.77
2020-04-23,15.06
2020-04-24,15.87
2020-04-25,15.636666666666667
2020-04-26,15.403333333333332
2020-04-27,15.17
2020-04-28,15.6
2020-04-29,17.86
2020-04-30,18.11
2020-05-01,18.49
2020-05-02,19.126666666666665
2020-05-03,19.763333333333332
2020-05-04,20.4
2020-05-05,25.46
2020-05-06,24.2
2020-05-07,24.23
2020-05-08,24.555
2020-05-09,24.880000000000003
2020-05-10,25.205000000000002
2020-05-11,25.53
2020-05-12,26.67
2020-05-13,27.89
2020-05-14,29.87
2020-05-15,30.95
2020-05-16,31.73333333333333
2020-05-17,32.516666666666666
2020-05-18,33.3
2020-05-19,33.06
2020-05-20,34.76
2020-05-21,34.78
2020-05-22,33.8
2020-05-23,33.8375
2020-05-24,33.875
2020-05-25,33.9125
2020-05-26,33.95
2020-05-27,32.73
2020-05-28,33.98
2020-05-29,34.15
2020-05-30,35.013333333333335
2020-05-31,35.876666666666665
2020-06-01,36.74
2020-06-02,37.72
2020-06-03,37.98
2020-06-04,38.41
2020-06-05,41.0
2020-06-06,40.553333333333335
2020-06-07,40.10666666666666
2020-06-08,39.66
2020-06-09,40.45
2020-06-10,41.18
2020-06-11,37.76
2020-06-12,38.54
2020-06-13,38.839999999999996
2020-06-14,39.14
2020-06-15,39.44
2020-06-16,40.75
2020-06-17,40.47
2020-06-18,41.75
2020-06-19,42.33
2020-06-20,42.62
2020-06-21,42.910000000000004
2020-06-22,43.2
2020-06-23,42.72
2020-06-24,40.4
2020-06-25,41.18
2020-06-26,40.97
2020-06-27,41.17333333333333
2020-06-28,41.376666666666665
2020-06-29,41.58
2020-06-30,41.64
2020-07-01,42.18
2020-07-02,43.19
2020-07-03,42.92
2020-07-04,42.85666666666667
2020-07-05,42.79333333333333
2020-07-06,42.73
2020-07-07,43.28
2020-07-08,43.67
2020-07-09,42.35
2020-07-10,43.27
2020-07-11,43.13
2020-07-12,42.99
2020-07-13,42.85
2020-07-14,42.97
2020-07-15,43.96
2020-07-16,43.71
2020-07-17,43.53
2020-07-18,43.45333333333333
2020-07-19,43.376666666666665
2020-07-20,43.3
2020-07-21,44.31
2020-07-22,43.98
2020-07-23,42.96
2020-07-24,43.29
2020-07-25,43.32333333333333
2020-07-26,43.35666666666667
2020-07-27,43.39
2020-07-28,43.11
2020-07-29,43.51
2020-07-30,42.98
2020-07-31,43.13
2020-08-01,43.34
2020-08-02,43.55
2020-08-03,43.76
2020-08-04,43.99
2020-08-05,44.92
2020-08-06,45.04
2020-08-07,44.07
2020-08-08,44.11
2020-08-09,44.15
2020-08-10,44.19
2020-08-11,43.68
2020-08-12,45.09
2020-08-13,44.87
2020-08-14,44.86
2020-08-15,44.876666666666665
2020-08-16,44.89333333333333
2020-08-17,44.91
2020-08-18,45.34
2020-08-19,45.21
2020-08-20,44.56
2020-08-21,43.94
2020-08-22,44.10333333333333
2020-08-23,44.266666666666666
2020-08-24,44.43
2020-08-25,46.01
2020-08-26,45.79
2020-08-27,44.84
2020-08-28,45.22
2020-08-29,45.345
2020-08-30,45.47
2020-08-31,45.595
2020-09-01,45.72
2020-09-02,42.7
2020-09-03,42.72
2020-09-04,41.1
2020-09-05,40.95666666666667
2020-09-06,40.81333333333333
2020-09-07,40.67
2020-09-08,38.53
2020-09-09,39.98
2020-09-10,39.27
2020-09-11,38.8
2020-09-12,38.72333333333333
2020-09-13,38.64666666666667
2020-09-14,38.57
2020-09-15,39.54
2020-09-16,41.23
2020-09-17,42.35
2020-09-18,42.16
2020-09-19,41.56333333333333
2020-09-20,40.96666666666666
2020-09-21,40.37
2020-09-22,40.84
2020-09-23,41.09
2020-09-24,41.24
2020-09-25,40.91
2020-09-26,41.13666666666666
2020-09-27,41.36333333333334
2020-09-28,41.59
2020-09-29,40.33
2020-09-30,40.3
2020-10-01,39.75
2020-10-02,38.0
2020-10-03,38.593333333333334
2020-10-04,39.18666666666667
2020-10-05,39.78
2020-10-06,41.27
2020-10-07,40.62
2020-10-08,42.0
2020-10-09,41.63
2020-10-10,41.25333333333334
2020-10-11,40.876666666666665
2020-10-12,40.5
2020-10-13,41.34
2020-10-14,41.81
2020-10-15,41.61
2020-10-16,41.34
2020-10-17,41.32333333333334
2020-10-18,41.306666666666665
2020-10-19,41.29
2020-10-20,41.62
2020-10-21,40.09
2020-10-22,41.28
2020-10-23,40.71
2020-10-24,40.160000000000004
2020-10-25,39.61
2020-10-26,39.06
2020-10-27,39.72
2020-10-28,37.86
2020-10-29,36.56
2020-10-30,36.33
2020-10-31,36.81333333333333
2020-11-01,37.29666666666667
2020-11-02,37.78
2020-11-03,38.17
2020-11-04,39.68
2020-11-05,39.47
2020-11-06,38.08
2020-11-07,39.03
2020-11-08,39.98
2020-11-09,40.93
2020-11-10,42.25
2020-11-11,42.5
2020-11-12,42.16
2020-11-13,41.51
2020-11-14,41.91
2020-11-15,42.31
2020-11-16,42.71
2020-11-17,42.54
2020-11-18,42.91
2020-11-19,43.09
2020-11-20,43.79
2020-11-21,44.193333333333335
2020-11-22,44.596666666666664
2020-11-23,45.0
2020-11-24,46.63
2020-11-25,47.3
2020-11-26,46.32
2020-11-27,46.88
2020-11-28,46.86666666666667
2020-11-29,46.85333333333334
2020-11-30,46.84
2020-12-01,47.03
2020-12-02,47.8
2020-12-03,48.37
2020-12-04,49.1
2020-12-05,48.943333333333335
2020-12-06,48.78666666666667
2020-12-07,48.63
2020-12-08,48.84
2020-12-09,48.81
2020-12-10,50.33
2020-12-11,50.01
2020-12-12,50.096666666666664
2020-12-13,50.18333333333334
2020-12-14,50.27
2020-12-15,50.77
2020-12-16,50.83
2020-12-17,51.2
2020-12-18,52.17
2020-12-19,51.65
2020-12-20,51.13
2020-12-21,50.61
2020-12-22,49.88
2020-12-23,51.05
2020-12-24,50.88
2020-12-25,50.88
2020-12-26,50.88
2020-12-27,50.88
2020-12-28,50.88
2020-12-29,50.44
2020-12-30,50.74
2020-12-31,51.22
