date,station,fuel_type,effective_date,price
2019-01-01,ปตท,แก๊สโซฮอล ออกเทน 95 (Gasohol 95-E10),27 Dec 05:00,25.75
2019-01-01,บางจาก,แก๊สโซฮอล ออกเทน 95 (Gasohol 95-E10),27 Dec 05:00,25.75
2019-01-01,เชลล์,แก๊สโซฮอล ออกเทน 95 (Gasohol 95-E10),28 Dec 05:00,25.75
2019-01-02,ปตท,แก๊สโซฮอล ออกเทน 95 (Gasohol 95-E10),27 Dec 05:00,25.75
2019-01-02,บางจาก,แก๊สโซฮอล ออกเทน 95 (Gasohol 95-E10),27 Dec 05:00,25.75
2019-01-02,เชลล์,แก๊สโซฮอล ออกเทน 95 (Gasohol 95-E10),28 Dec 05:00,25.75
2019-01-03,ปตท,แก๊สโซฮอล ออกเทน 95 (Gasohol 95-E10),27 Dec 05:00,25.75
2019-01-03,บางจาก,แก๊สโซฮอล ออกเทน 95 (Gasohol 95-E10),27 Dec 05:00,25.75
2019-01-03,เชลล์,แก๊สโซฮอล ออกเทน 95 (Gasohol 95-E10),28 Dec 05:00,25.75
2019-01-04,ปตท,แก๊สโซฮอล ออกเทน 95 (Gasohol 95-E10),27 Dec 05:00,25.75
2019-01-04,บางจาก,แก๊สโซฮอล ออกเทน 95 (Gasohol 95-E10),27 Dec 05:00,25.75
2019-01-04,เชลล์,แก๊สโซฮอล ออกเทน 95 (Gasohol 95-E10),28 Dec 05:00,25.75
2019-01-05,ปตท,แก๊สโซฮอล ออกเทน 95 (Gasohol 95-E10),27 Dec 05:00,25.75
2019-01-05,บางจาก,แก๊สโซฮอล ออกเทน 95 (Gasohol 95-E10),27 Dec 05:00,25.75
2019-01-05,เชลล์,แก๊สโซฮอล ออกเทน 95 (Gasohol 95-E10),28 Dec 05:00,25.75
2019-01-06,ปตท,แก๊สโซฮอล ออกเทน 95 (Gasohol 95-E10),27 Dec 05:00,25.75
2019-01-06,บางจาก,แก๊สโซฮอล ออกเทน 95 (Gasohol 95-E10),27 Dec 05:00,25.75
2019-01-06,เชลล์,แก๊สโซฮอล ออกเทน 95 (Gasohol 95-E10),28 Dec 05:00,25.75
2019-01-07,ปตท,แก๊สโซฮอล ออกเทน 95 (Gasohol 95-E10),27 Dec 05:00,25.75
2019-01-07,บางจาก,แก๊สโซฮอล ออกเทน 95 (Gasohol 95-E10),27 Dec 05:00,25.75
2019-01-07,เชลล์,แก๊สโซฮอล ออกเทน 95 (Gasohol 95-E10),28 Dec 05:00,25.75
2019-01-08,ปตท,แก๊สโซฮอล ออกเทน 95 (Gasohol 95-E10),27 Dec 05:00,25.75
2019-01-08,บางจาก,แก๊สโซฮอล ออกเทน 95 (Gasohol 95-E10),27 Dec 05:00,25.75
2019-01-08,เชลล์,แก๊สโซฮอล ออกเทน 95 (Gasohol 95-E10),28 Dec 05:00,25.75
2019-01-09,ปตท,แก๊สโซฮอล ออกเทน 95 (Gasohol 95-E10),27 Dec 05:00,25.75
2019-01-09,บางจาก,แก๊สโซฮอล ออกเทน 95 (Gasohol 95-E10),27 Dec 05:00,25.75
2019-01-09,เชลล์,แก๊สโซฮอล ออกเทน 95 (Gasohol 95-E10),08 Jan 11:26,26.25
2019-01-10,ปตท,แก๊สโซฮอล ออกเทน 95 (Gasohol 95-E10),09 Jan 05:00,26.25
2019-01-10,บางจาก,แก๊สโซฮอล ออกเทน 95 (Gasohol 95-E10),09 Jan 05:00,26.25
2019-01-10,เชลล์,แก๊สโซฮอล ออกเทน 95 (Gasohol 95-E10),09 Jan 05:00,26.25
2019-01-11,ปตท,แก๊สโซฮอล ออกเทน 95 (Gasohol 95-E10),09 Jan 05:00,26.25
2019-01-11,บางจาก,แก๊สโซฮอล ออกเทน 95 (Gasohol 95-E10),09 Jan 05:00,26.25
2019-01-11,เชลล์,แก๊สโซฮอล ออกเทน 95 (Gasohol 95-E10),09 Jan 05:00,26.25
2019-01-12,ปตท,แก๊สโซฮอล ออกเทน 95 (Gasohol 95-E10),11 Jan 05:00,26.75
2019-01-12,บางจาก,แก๊สโซฮอล ออกเทน 95 (Gasohol 95-E10),11 Jan 05:00,26.75
2019-01-12,เชลล์,แก๊สโซฮอล ออกเทน 95 (Gasohol 95-E10),11 Jan 05:00,26.75
2019-01-13,ปตท,แก๊สโซฮอล ออกเทน 95 (Gasohol 95-E10),11 Jan 05:00,26.75
2019-01-13,บางจาก,แก๊สโซฮอล ออกเทน 95 (Gasohol 95-E10),11 Jan 05:00,26.75
2019-01-13,เชลล์,แก๊สโซฮอล ออกเทน 95 (Gasohol 95-E10),11 Jan 05:00,26.75
2019-01-14,ปตท,แก๊สโซฮอล ออกเทน 95 (Gasohol 95-E10),11 Jan 05:00,26.75
2019-01-14,บางจาก,แก๊สโซฮอล ออกเทน 95 (Gasohol 95-E10),11 Jan 05:00,26.75
2019-01-14,เชลล์,แก๊สโซฮอล ออกเทน 95 (Gasohol 95-E10),11 Jan 05:00,26.75
2019-01-15,ปตท,แก๊สโซฮอล ออกเทน 95 (Gasohol 95-E10),14 Jan 05:00,26.75
2019-01-15,บางจาก,แก๊สโซฮอล ออกเทน 95 (Gasohol 95-E10),14 Jan 05:00,26.75
2019-01-15,เชลล์,แก๊สโซฮอล ออกเทน 95 (Gasohol 95-E10),14 Jan 05:00,26.75
2019-01-16,ปตท,แก๊สโซฮอล ออกเทน 95 (Gasohol 95-E10),14 Jan 05:00,26.75
2019-01-16,บางจาก,แก๊สโซฮอล ออกเทน 95 (Gasohol 95-E10),14 Jan 05:00,26.75
2019-01-16,เชลล์,แก๊สโซฮอล ออกเทน 95 (Gasohol 95-E10),14 Jan 05:00,26.75
2019-01-17,ปตท,แก๊สโซฮอล ออกเทน 95 (Gasohol 95-E10),16 Jan 05:00,26.35
2019-01-17,บางจาก,แก๊สโซฮอล ออกเทน 95 (Gasohol 95-E10),16 Jan 08:50,26.35
2019-01-17,เชลล์,แก๊สโซฮอล ออกเทน 95 (Gasohol 95-E10),14 Jan 05:00,26.75
2019-01-18,ปตท,แก๊สโซฮอล ออกเทน 95 (Gasohol 95-E10),16 Jan 05:00,26.35
2019-01-18,บางจาก,แก๊สโซฮอล ออกเทน 95 (Gasohol 95-E10),16 Jan 08:50,26.35
2019-01-18,เชลล์,แก๊สโซฮอล ออกเทน 95 (Gasohol 95-E10),17 Jan 05:00,26.35
2019-01-19,ปตท,แก๊สโซฮอล ออกเทน 95 (Gasohol 95-E10),16 Jan 05:00,26.35
2019-01-19,บางจาก,แก๊สโซฮอล ออกเทน 95 (Gasohol 95-E10),16 Jan 08:50,26.35
2019-01-19,เชลล์,แก๊สโซฮอล ออกเทน 95 (Gasohol 95-E10),17 Jan 05:00,26.35
2019-01-20,ปตท,แก๊สโซฮอล ออกเทน 95 (Gasohol 95-E10),16 Jan 05:00,26.35
2019-01-20,บางจาก,แก๊สโซฮอล ออกเทน 95 (Gasohol 95-E10),16 Jan 08:50,26.35
2019-01-20,เชลล์,แก๊สโซฮอล ออกเทน 95 (Gasohol 95-E10),17 Jan 05:00,26.35
2019-01-21,ปตท,แก๊สโซฮอล ออกเทน 95 (Gasohol 95-E10),16 Jan 05:00,26.35
2019-01-21,บางจาก,แก๊สโซฮอล ออกเทน 95 (Gasohol 95-E10),16 Jan 08:50,26.35
2019-01-21,เชลล์,แก๊สโซฮอล ออกเทน 95 (Gasohol 95-E10),17 Jan 05:00,26.35
2019-01-22,ปตท,แก๊สโซฮอล ออกเทน 95 (Gasohol 95-E10),16 Jan 05:00,26.35
2019-01-22,บางจาก,แก๊สโซฮอล ออกเทน 95 (Gasohol 95-E10),16 Jan 08:50,26.35
2019-01-22,เชลล์,แก๊สโซฮอล ออกเทน 95 (Gasohol 95-E10),17 Jan 05:00,26.35
2019-01-23,ปตท,แก๊สโซฮอล ออกเทน 95 (Gasohol 95-E10),22 Jan 05:00,26.75
2019-01-23,บางจาก,แก๊สโซฮอล ออกเทน 95 (Gasohol 95-E10),22 Jan 05:00,26.75
2019-01-23,เชลล์,แก๊สโซฮอล ออกเทน 95 (Gasohol 95-E10),22 Jan 05:00,26.75
2019-01-24,ปตท,แก๊สโซฮอล ออกเทน 95 (Gasohol 95-E10),22 Jan 05:00,26.75
2019-01-24,บางจาก,แก๊สโซฮอล ออกเทน 95 (Gasohol 95-E10),22 Jan 05:00,26.75
2019-01-24,เชลล์,แก๊สโซฮอล ออกเทน 95 (Gasohol 95-E10),22 Jan 05:00,26.75
2019-01-25,ปตท,แก๊สโซฮอล ออกเทน 95 (Gasohol 95-E10),22 Jan 05:00,26.75
2019-01-25,บางจาก,แก๊สโซฮอล ออกเทน 95 (Gasohol 95-E10),22 Jan 05:00,26.75
2019-01-25,เชลล์,แก๊สโซฮอล ออกเทน 95 (Gasohol 95-E10),22 Jan 05:00,26.75
2019-01-26,ปตท,แก๊สโซฮอล ออกเทน 95 (Gasohol 95-E10),22 Jan 05:00,26.75
2019-01-26,บางจาก,แก๊สโซฮอล ออกเทน 95 (Gasohol 95-E10),22 Jan 05:00,26.75
2019-01-26,เชลล์,แก๊สโซฮอล ออกเทน 95 (Gasohol 95-E10),22 Jan 05:00,26.75
2019-01-27,ปตท,แก๊สโซฮอล ออกเทน 95 (Gasohol 95-E10),26 Jan 05:00,26.35
2019-01-27,บางจาก,แก๊สโซฮอล ออกเทน 95 (Gasohol 95-E10),26 Jan 05:00,26.35
2019-01-27,เชลล์,แก๊สโซฮอล ออกเทน 95 (Gasohol 95-E10),26 Jan 05:00,26.35
2019-01-28,ปตท,แก๊สโซฮอล ออกเทน 95 (Gasohol 95-E10),26 Jan 05:00,26.35
2019-01-28,บางจาก,แก๊สโซฮอล ออกเทน 95 (Gasohol 95-E10),26 Jan 05:00,26.35
2019-01-28,เชลล์,แก๊สโซฮอล ออกเทน 95 (Gasohol 95-E10),26 Jan 05:00,26.35
2019-01-29,ปตท,แก๊สโซฮอล ออกเทน 95 (Gasohol 95-E10),26 Jan 05:00,26.35
2019-01-29,บางจาก,แก๊สโซฮอล ออกเทน 95 (Gasohol 95-E10),26 Jan 05:00,26.35
2019-01-29,เชลล์,แก๊สโซฮอล ออกเทน 95 (Gasohol 95-E10),26 Jan 05:00,26.35
2019-01-30,ปตท,แก๊สโซฮอล ออกเทน 95 (Gasohol 95-E10),26 Jan 05:00,26.35
2019-01-30,บางจาก,แก๊สโซฮอล ออกเทน 95 (Gasohol 95-E10),26 Jan 05:00,26.35
2019-01-30,เชลล์,แก๊สโซฮอล ออกเทน 95 (Gasohol 95-E10),26 Jan 05:00,26.35
2019-01-31,ปตท,แก๊สโซฮอล ออกเทน 95 (Gasohol 95-E10),30 Jan 05:00,26.35
2019-01-31,บางจาก,แก๊สโซฮอล ออกเทน 95 (Gasohol 95-E10),30 Jan 05:00,26.35
2019-01-31,เชลล์,แก๊สโซฮอล ออกเทน 95 (Gasohol 95-E10),30 Jan 05:00,26.35
2019-02-01,ปตท,แก๊สโซฮอล ออกเทน 95 (Gasohol 95-E10),30 Jan 05:00,26.35
2019-02-01,บางจาก,แก๊สโซฮอล ออกเทน 95 (Gasohol 95-E10),30 Jan 05:00,26.35
2019-02-01,เชลล์,แก๊สโซฮอล ออกเทน 95 (Gasohol 95-E10),30 Jan 05:00,26.35
2019-02-02,ปตท,แก๊สโซฮอล ออกเทน 95 (Gasohol 95-E10),01 Feb 05:00,26.35
2019-02-02,บางจาก,แก๊สโซฮอล ออกเทน 95 (Gasohol 95-E10),01 Feb 05:00,26.35
2019-02-02,เชลล์,แก๊สโซฮอล ออกเทน 95 (Gasohol 95-E10),30 Jan 05:00,26.35
2019-02-03,ปตท,แก๊สโซฮอล ออกเทน 95 (Gasohol 95-E10),01 Feb 05:00,26.35
2019-02-03,บางจาก,แก๊สโซฮอล ออกเทน 95 (Gasohol 95-E10),01 Feb 05:00,26.35
2019-02-03,เชลล์,แก๊สโซฮอล ออกเทน 95 (Gasohol 95-E10),30 Jan 05:00,26.35
2019-02-04,ปตท,แก๊สโซฮอล ออกเทน 95 (Gasohol 95-E10),01 Feb 05:00,26.35
2019-02-04,บางจาก,แก๊สโซฮอล ออกเทน 95 (Gasohol 95-E10),01 Feb 05:00,26.35
2019-02-04,เชลล์,แก๊สโซฮอล ออกเทน 95 (Gasohol 95-E10),30 Jan 05:00,26.35
2019-02-05,ปตท,แก๊สโซฮอล ออกเทน 95 (Gasohol 95-E10),01 Feb 05:00,26.35
2019-02-05,บางจาก,แก๊สโซฮอล ออกเทน 95 (Gasohol 95-E10),01 Feb 05:00,26.35
2019-02-05,เชลล์,แก๊สโซฮอล ออกเทน 95 (Gasohol 95-E10),30 Jan 05:00,26.35
2019-02-06,ปตท,แก๊สโซฮอล ออกเทน 95 (Gasohol 95-E10),05 Feb 05:00,26.75
2019-02-06,บางจาก,แก๊สโซฮอล ออกเทน 95 (Gasohol 95-E10),05 Feb 05:00,26.75
2019-02-06,เชลล์,แก๊สโซฮอล ออกเทน 95 (Gasohol 95-E10),05 Feb 05:00,26.75
2019-02-07,ปตท,แก๊สโซฮอล ออกเทน 95 (Gasohol 95-E10),06 Feb 05:00,26.75
2019-02-07,บางจาก,แก๊สโซฮอล ออกเทน 95 (Gasohol 95-E10),06 Feb 05:00,26.75
2019-02-07,เชลล์,แก๊สโซฮอล ออกเทน 95 (Gasohol 95-E10),05 Feb 05:00,26.75
2019-02-08,ปตท,แก๊สโซฮอล ออกเทน 95 (Gasohol 95-E10),06 Feb 05:00,26.75
2019-02-08,บางจาก,แก๊สโซฮอล ออกเทน 95 (Gasohol 95-E10),06 Feb 05:00,26.75
2019-02-08,เชลล์,แก๊สโซฮอล ออกเทน 95 (Gasohol 95-E10),05 Feb 05:00,26.75
2019-02-09,ปตท,แก๊สโซฮอล ออกเทน 95 (Gasohol 95-E10),06 Feb 05:00,26.75
2019-02-09,บางจาก,แก๊สโซฮอล ออกเทน 95 (Gasohol 95-E10),06 Feb 05:00,26.75
2019-02-09,เชลล์,แก๊สโซฮอล ออกเทน 95 (Gasohol 95-E10),05 Feb 05:00,26.75
2019-02-10,ปตท,แก๊สโซฮอล ออกเทน 95 (Gasohol 95-E10),06 Feb 05:00,26.75
2019-02-10,บางจาก,แก๊สโซฮอล ออกเทน 95 (Gasohol 95-E10),06 Feb 05:00,26.75
2019-02-10,เชลล์,แก๊สโซฮอล ออกเทน 95 (Gasohol 95-E10),05 Feb 05:00,26.75
2019-02-11,ปตท,แก๊สโซฮอล ออกเทน 95 (Gasohol 95-E10),06 Feb 05:00,26.75
2019-02-11,บางจาก,แก๊สโซฮอล ออกเทน 95 (Gasohol 95-E10),06 Feb 05:00,26.75
2019-02-11,เชลล์,แก๊สโซฮอล ออกเทน 95 (Gasohol 95-E10),05 Feb 05:00,26.75
2019-02-12,ปตท,แก๊สโซฮอล ออกเทน 95 (Gasohol 95-E10),06 Feb 05:00,26.75
2019-02-12,บางจาก,แก๊สโซฮอล ออกเทน 95 (Gasohol 95-E10),06 Feb 05:00,26.75
2019-02-12,เชลล์,แก๊สโซฮอล ออกเทน 95 (Gasohol 95-E10),05 Feb 05:00,26.75
2019-02-13,ปตท,แก๊สโซฮอล ออกเทน 95 (Gasohol 95-E10),06 Feb 05:00,26.75
2019-02-13,บางจาก,แก๊สโซฮอล ออกเทน 95 (Gasohol 95-E10),06 Feb 05:00,26.75
2019-02-13,เชลล์,แก๊สโซฮอล ออกเทน 95 (Gasohol 95-E10),05 Feb 05:00,26.75
2019-02-14,ปตท,แก๊สโซฮอล ออกเทน 95 (Gasohol 95-E10),06 Feb 05:00,26.75
2019-02-14,บางจาก,แก๊สโซฮอล ออกเทน 95 (Gasohol 95-E10),06 Feb 05:00,26.75
2019-02-14,เชลล์,แก๊สโซฮอล ออกเทน 95 (Gasohol 95-E10),05 Feb 05:00,26.75
2019-02-15,ปตท,แก๊สโซฮอล ออกเทน 95 (Gasohol 95-E10),06 Feb 05:00,26.75
2019-02-15,บางจาก,แก๊สโซฮอล ออกเทน 95 (Gasohol 95-E10),06 Feb 05:00,26.75
2019-02-15,เชลล์,แก๊สโซฮอล ออกเทน 95 (Gasohol 95-E10),05 Feb 05:00,26.75
2019-02-16,ปตท,แก๊สโซฮอล ออกเทน 95 (Gasohol 95-E10),15 Feb 05:00,26.75
2019-02-16,บางจาก,แก๊สโซฮอล ออกเทน 95 (Gasohol 95-E10),15 Feb 05:00,26.75
2019-02-16,เชลล์,แก๊สโซฮอล ออกเทน 95 (Gasohol 95-E10),15 Feb 05:00,26.75
2019-02-17,ปตท,แก๊สโซฮอล ออกเทน 95 (Gasohol 95-E10),15 Feb 05:00,26.75
2019-02-17,บางจาก,แก๊สโซฮอล ออกเทน 95 (Gasohol 95-E10),15 Feb 05:00,26.75
2019-02-17,เชลล์,แก๊สโซฮอล ออกเทน 95 (Gasohol 95-E10),15 Feb 05:00,26.75
2019-02-18,ปตท,แก๊สโซฮอล ออกเทน 95 (Gasohol 95-E10),15 Feb 05:00,26.75
2019-02-18,บางจาก,แก๊สโซฮอล ออกเทน 95 (Gasohol 95-E10),15 Feb 05:00,26.75
2019-02-18,เชลล์,แก๊สโซฮอล ออกเทน 95 (Gasohol 95-E10),15 Feb 05:00,26.75
2019-02-19,ปตท,แก๊สโซฮอล ออกเทน 95 (Gasohol 95-E10),18 Feb 05:00,27.15
2019-02-19,บางจาก,แก๊สโซฮอล ออกเทน 95 (Gasohol 95-E10),18 Feb 05:00,27.15
2019-02-19,เชลล์,แก๊สโซฮอล ออกเทน 95 (Gasohol 95-E10),18 Feb 05:00,27.15
2019-02-20,ปตท,แก๊สโซฮอล ออกเทน 95 (Gasohol 95-E10),18 Feb 05:00,27.15
2019-02-20,บางจาก,แก๊สโซฮอล ออกเทน 95 (Gasohol 95-E10),18 Feb 05:00,27.15
2019-02-20,เชลล์,แก๊สโซฮอล ออกเทน 95 (Gasohol 95-E10),18 Feb 05:00,27.15
2019-02-21,ปตท,แก๊สโซฮอล ออกเทน 95 (Gasohol 95-E10),18 Feb 05:00,27.15
2019-02-21,บางจาก,แก๊สโซฮอล ออกเทน 95 (Gasohol 95-E10),18 Feb 05:00,27.15
2019-02-21,เชลล์,แก๊สโซฮอล ออกเทน 95 (Gasohol 95-E10),18 Feb 05:00,27.15
2019-02-22,ปตท,แก๊สโซฮอล ออกเทน 95 (Gasohol 95-E10),21 Feb 05:00,27.55
2019-02-22,บางจาก,แก๊สโซฮอล ออกเทน 95 (Gasohol 95-E10),21 Feb 05:00,27.55
2019-02-22,เชลล์,แก๊สโซฮอล ออกเทน 95 (Gasohol 95-E10),21 Feb 05:00,27.55
2019-02-23,ปตท,แก๊สโซฮอล ออกเทน 95 (Gasohol 95-E10),21 Feb 05:00,27.55
2019-02-23,บางจาก,แก๊สโซฮอล ออกเทน 95 (Gasohol 95-E10),21 Feb 05:00,27.55
2019-02-23,เชลล์,แก๊สโซฮอล ออกเทน 95 (Gasohol 95-E10),21 Feb 05:00,27.55
2019-02-24,ปตท,แก๊สโซฮอล ออกเทน 95 (Gasohol 95-E10),21 Feb 05:00,27.55
2019-02-24,บางจาก,แก๊สโซฮอล ออกเทน 95 (Gasohol 95-E10),21 Feb 05:00,27.55
2019-02-24,เชลล์,แก๊สโซฮอล ออกเทน 95 (Gasohol 95-E10),21 Feb 05:00,27.55
2019-02-25,ปตท,แก๊สโซฮอล ออกเทน 95 (Gasohol 95-E10),21 Feb 05:00,27.55
2019-02-25,บางจาก,แก๊สโซฮอล ออกเทน 95 (Gasohol 95-E10),21 Feb 05:00,27.55
2019-02-25,เชลล์,แก๊สโซฮอล ออกเทน 95 (Gasohol 95-E10),21 Feb 05:00,27.55
2019-02-26,ปตท,แก๊สโซฮอล ออกเทน 95 (Gasohol 95-E10),21 Feb 05:00,27.55
2019-02-26,บางจาก,แก๊สโซฮอล ออกเทน 95 (Gasohol 95-E10),21 Feb 05:00,27.55
2019-02-26,เชลล์,แก๊สโซฮอล ออกเทน 95 (Gasohol 95-E10),21 Feb 05:00,27.55
2019-02-27,ปตท,แก๊สโซฮอล ออกเทน 95 (Gasohol 95-E10),21 Feb 05:00,27.55
2019-02-27,บางจาก,แก๊สโซฮอล ออกเทน 95 (Gasohol 95-E10),21 Feb 05:00,27.55
2019-02-27,เชลล์,แก๊สโซฮอล ออกเทน 95 (Gasohol 95-E10),21 Feb 05:00,27.55
2019-02-28,ปตท,แก๊สโซฮอล ออกเทน 95 (Gasohol 95-E10),21 Feb 05:00,27.55
2019-02-28,บางจาก,แก๊สโซฮอล ออกเทน 95 (Gasohol 95-E10),21 Feb 05:00,27.55
2019-02-28,เชลล์,แก๊สโซฮอล ออกเทน 95 (Gasohol 95-E10),21 Feb 05:00,27.55
2019-03-01,ปตท,แก๊สโซฮอล ออกเทน 95 (Gasohol 95-E10),21 Feb 05:00,27.55
2019-03-01,บางจาก,แก๊สโซฮอล ออกเทน 95 (Gasohol 95-E10),21 Feb 05:00,27.55
2019-03-01,เชลล์,แก๊สโซฮอล ออกเทน 95 (Gasohol 95-E10),21 Feb 05:00,27.55
2019-03-02,ปตท,แก๊สโซฮอล ออกเทน 95 (Gasohol 95-E10),01 Mar 05:00,27.55
2019-03-02,บางจาก,แก๊สโซฮอล ออกเทน 95 (Gasohol 95-E10),01 Mar 05:00,27.55
2019-03-02,เชลล์,แก๊สโซฮอล ออกเทน 95 (Gasohol 95-E10),21 Feb 05:00,27.55
2019-03-03,ปตท,แก๊สโซฮอล ออกเทน 95 (Gasohol 95-E10),02 Mar 05:00,27.95
2019-03-03,บางจาก,แก๊สโซฮอล ออกเทน 95 (Gasohol 95-E10),02 Mar 05:00,27.95
2019-03-03,เชลล์,แก๊สโซฮอล ออกเทน 95 (Gasohol 95-E10),02 Mar 05:00,27.95
2019-03-04,ปตท,แก๊สโซฮอล ออกเทน 95 (Gasohol 95-E10),02 Mar 05:00,27.95
2019-03-04,บางจาก,แก๊สโซฮอล ออกเทน 95 (Gasohol 95-E10),02 Mar 05:00,27.95
2019-03-04,เชลล์,แก๊สโซฮอล ออกเทน 95 (Gasohol 95-E10),02 Mar 05:00,27.95
2019-03-05,ปตท,แก๊สโซฮอล ออกเทน 95 (Gasohol 95-E10),02 Mar 05:00,27.95
2019-03-05,บางจาก,แก๊สโซฮอล ออกเทน 95 (Gasohol 95-E10),02 Mar 05:00,27.95
2019-03-05,เชลล์,แก๊สโซฮอล ออกเทน 95 (Gasohol 95-E10),02 Mar 05:00,27.95
2019-03-06,ปตท,แก๊สโซฮอล ออกเทน 95 (Gasohol 95-E10),02 Mar 05:00,27.95
2019-03-06,บางจาก,แก๊สโซฮอล ออกเทน 95 (Gasohol 95-E10),02 Mar 05:00,27.95
2019-03-06,เชลล์,แก๊สโซฮอล ออกเทน 95 (Gasohol 95-E10),02 Mar 05:00,27.95
2019-03-07,ปตท,แก๊สโซฮอล ออกเทน 95 (Gasohol 95-E10),06 Mar 05:00,27.95
2019-03-07,บางจาก,แก๊สโซฮอล ออกเทน 95 (Gasohol 95-E10),06 Mar 05:00,27.95
2019-03-07,เชลล์,แก๊สโซฮอล ออกเทน 95 (Gasohol 95-E10),06 Mar 05:00,27.95
2019-03-08,ปตท,แก๊สโซฮอล ออกเทน 95 (Gasohol 95-E10),06 Mar 05:00,27.95
2019-03-08,บางจาก,แก๊สโซฮอล ออกเทน 95 (Gasohol 95-E10),06 Mar 05:00,27.95
2019-03-08,เชลล์,แก๊สโซฮอล ออกเทน 95 (Gasohol 95-E10),06 Mar 05:00,27.95
2019-03-09,ปตท,แก๊สโซฮอล ออกเทน 95 (Gasohol 95-E10),06 Mar 05:00,27.95
2019-03-09,บางจาก,แก๊สโซฮอล ออกเทน 95 (Gasohol 95-E10),06 Mar 05:00,27.95
2019-03-09,เชลล์,แก๊สโซฮอล ออกเทน 95 (Gasohol 95-E10),06 Mar 05:00,27.95
2019-03-10,ปตท,แก๊สโซฮอล ออกเทน 95 (Gasohol 95-E10),06 Mar 05:00,27.95
2019-03-10,บางจาก,แก๊สโซฮอล ออกเทน 95 (Gasohol 95-E10),06 Mar 05:00,27.95
2019-03-10,เชลล์,แก๊สโซฮอล ออกเทน 95 (Gasohol 95-E10),06 Mar 05:00,27.95
2019-03-11,ปตท,แก๊สโซฮอล ออกเทน 95 (Gasohol 95-E10),06 Mar 05:00,27.95
2019-03-11,บางจาก,แก๊สโซฮอล ออกเทน 95 (Gasohol 95-E10),06 Mar 05:00,27.95
2019-03-11,เชลล์,แก๊สโซฮอล ออกเทน 95 (Gasohol 95-E10),06 Mar 05:00,27.95
2019-03-12,ปตท,แก๊สโซฮอล ออกเทน 95 (Gasohol 95-E10),11 Mar 05:00,28.45
2019-03-12,บางจาก,แก๊สโซฮอล ออกเทน 95 (Gasohol 95-E10),11 Mar 05:00,28.45
2019-03-12,เชลล์,แก๊สโซฮอล ออกเทน 95 (Gasohol 95-E10),11 Mar 05:00,28.45
2019-03-13,ปตท,แก๊สโซฮอล ออกเทน 95 (Gasohol 95-E10),11 Mar 05:00,28.45
2019-03-13,บางจาก,แก๊สโซฮอล ออกเทน 95 (Gasohol 95-E10),11 Mar 05:00,28.45
2019-03-13,เชลล์,แก๊สโซฮอล ออกเทน 95 (Gasohol 95-E10),11 Mar 05:00,28.45
2019-03-14,ปตท,แก๊สโซฮอล ออกเทน 95 (Gasohol 95-E10),11 Mar 05:00,28.45
2019-03-14,บางจาก,แก๊สโซฮอล ออกเทน 95 (Gasohol 95-E10),11 Mar 05:00,28.45
2019-03-14,เชลล์,แก๊สโซฮอล ออกเทน 95 (Gasohol 95-E10),11 Mar 05:00,28.45
2019-03-15,ปตท,แก๊สโซฮอล ออกเทน 95 (Gasohol 95-E10),11 Mar 05:00,28.45
2019-03-15,บางจาก,แก๊สโซฮอล ออกเทน 95 (Gasohol 95-E10),11 Mar 05:00,28.45
2019-03-15,เชลล์,แก๊สโซฮอล ออกเทน 95 (Gasohol 95-E10),11 Mar 05:00,28.45
2019-03-16,ปตท,แก๊สโซฮอล ออกเทน 95 (Gasohol 95-E10),11 Mar 05:00,28.45
2019-03-16,บางจาก,แก๊สโซฮอล ออกเทน 95 (Gasohol 95-E10),11 Mar 05:00,28.45
2019-03-16,เชลล์,แก๊สโซฮอล ออกเทน 95 (Gasohol 95-E10),11 Mar 05:00,28.45
2019-03-17,ปตท,แก๊สโซฮอล ออกเทน 95 (Gasohol 95-E10),16 Mar 05:00,28.85
2019-03-17,บางจาก,แก๊สโซฮอล ออกเทน 95 (Gasohol 95-E10),16 Mar 05:00,28.85
2019-03-17,เชลล์,แก๊สโซฮอล ออกเทน 95 (Gasohol 95-E10),16 Mar 05:00,28.85
2019-03-18,ปตท,แก๊สโซฮอล ออกเทน 95 (Gasohol 95-E10),16 Mar 05:00,28.85
2019-03-18,บางจาก,แก๊สโซฮอล ออกเทน 95 (Gasohol 95-E10),16 Mar 05:00,28.85
2019-03-18,เชลล์,แก๊สโซฮอล ออกเทน 95 (Gasohol 95-E10),16 Mar 05:00,28.85
2019-03-19,ปตท,แก๊สโซฮอล ออกเทน 95 (Gasohol 95-E10),16 Mar 05:00,28.85
2019-03-19,บางจาก,แก๊สโซฮอล ออกเทน 95 (Gasohol 95-E10),16 Mar 05:00,28.85
2019-03-19,เชลล์,แก๊สโซฮอล ออกเทน 95 (Gasohol 95-E10),16 Mar 05:00,28.85
2019-03-20,ปตท,แก๊สโซฮอล ออกเทน 95 (Gasohol 95-E10),16 Mar 05:00,28.85
2019-03-20,บางจาก,แก๊สโซฮอล ออกเทน 95 (Gasohol 95-E10),16 Mar 05:00,28.85
2019-03-20,เชลล์,แก๊สโซฮอล ออกเทน 95 (Gasohol 95-E10),16 Mar 05:00,28.85
2019-03-21,ปตท,แก๊สโซฮอล ออกเทน 95 (Gasohol 95-E10),16 Mar 05:00,28.85
2019-03-21,บางจาก,แก๊สโซฮอล ออกเทน 95 (Gasohol 95-E10),16 Mar 05:00,28.85
2019-03-21,เชลล์,แก๊สโซฮอล ออกเทน 95 (Gasohol 95-E10),16 Mar 05:00,28.85
2019-03-22,ปตท,แก๊สโซฮอล ออกเทน 95 (Gasohol 95-E10),16 Mar 05:00,28.85
2019-03-22,บางจาก,แก๊สโซฮอล ออกเทน 95 (Gasohol 95-E10),16 Mar 05:00,28.85
2019-03-22,เชลล์,แก๊สโซฮอล ออกเทน 95 (Gasohol 95-E10),16 Mar 05:00,28.85
2019-03-23,ปตท,แก๊สโซฮอล ออกเทน 95 (Gasohol 95-E10),16 Mar 05:00,28.85
2019-03-23,บางจาก,แก๊สโซฮอล ออกเทน 95 (Gasohol 95-E10),16 Mar 05:00,28.85
2019-03-23,เชลล์,แก๊สโซฮอล ออกเทน 95 (Gasohol 95-E10),16 Mar 05:00,28.85
2019-03-24,ปตท,แก๊สโซฮอล ออกเทน 95 (Gasohol 95-E10),16 Mar 05:00,28.85
2019-03-24,บางจาก,แก๊สโซฮอล ออกเทน 95 (Gasohol 95-E10),16 Mar 05:00,28.85
2019-03-24,เชลล์,แก๊สโซฮอล ออกเทน 95 (Gasohol 95-E10),16 Mar 05:00,28.85
2019-03-25,ปตท,แก๊สโซฮอล ออกเทน 95 (Gasohol 95-E10),16 Mar 05:00,28.85
2019-03-25,บางจาก,แก๊สโซฮอล ออกเทน 95 (Gasohol 95-E10),16 Mar 05:00,28.85
2019-03-25,เชลล์,แก๊สโซฮอล ออกเทน 95 (Gasohol 95-E10),16 Mar 05:00,28.85
2019-03-26,ปตท,แก๊สโซฮอล ออกเทน 95 (Gasohol 95-E10),16 Mar 05:00,28.85
2019-03-26,บางจาก,แก๊สโซฮอล ออกเทน 95 (Gasohol 95-E10),16 Mar 05:00,28.85
2019-03-26,เชลล์,แก๊สโซฮอล ออกเทน 95 (Gasohol 95-E10),16 Mar 05:00,28.85
2019-03-27,ปตท,แก๊สโซฮอล ออกเทน 95 (Gasohol 95-E10),16 Mar 05:00,28.85
2019-03-27,บางจาก,แก๊สโซฮอล ออกเทน 95 (Gasohol 95-E10),16 Mar 05:00,28.85
2019-03-27,เชลล์,แก๊สโซฮอล ออกเทน 95 (Gasohol 95-E10),16 Mar 05:00,28.85
2019-03-28,ปตท,แก๊สโซฮอล ออกเทน 95 (Gasohol 95-E10),16 Mar 05:00,28.85
2019-03-28,บางจาก,แก๊สโซฮอล ออกเทน 95 (Gasohol 95-E10),16 Mar 05:00,28.85
2019-03-28,เชลล์,แก๊สโซฮอล ออกเทน 95 (Gasohol 95-E10),16 Mar 05:00,28.85
2019-03-29,ปตท,แก๊สโซฮอล ออกเทน 95 (Gasohol 95-E10),16 Mar 05:00,28.85
2019-03-29,บางจาก,แก๊สโซฮอล ออกเทน 95 (Gasohol 95-E10),16 Mar 05:00,28.85
2019-03-29,เชลล์,แก๊สโซฮอล ออกเทน 95 (Gasohol 95-E10),16 Mar 05:00,28.85
2019-03-30,ปตท,แก๊สโซฮอล ออกเทน 95 (Gasohol 95-E10),29 Mar 05:00,29.25
2019-03-30,บางจาก,แก๊สโซฮอล ออกเทน 95 (Gasohol 95-E10),29 Mar 05:00,29.25
2019-03-30,เชลล์,แก๊สโซฮอล ออกเทน 95 (Gasohol 95-E10),29 Mar 05:00,29.25
2019-03-31,ปตท,แก๊สโซฮอล ออกเทน 95 (Gasohol 95-E10),29 Mar 05:00,29.25
2019-03-31,บางจาก,แก๊สโซฮอล ออกเทน 95 (Gasohol 95-E10),29 Mar 05:00,29.25
2019-03-31,เชลล์,แก๊สโซฮอล ออกเทน 95 (Gasohol 95-E10),29 Mar 05:00,29.25
2019-04-01,ปตท,แก๊สโซฮอล ออกเทน 95 (Gasohol 95-E10),29 Mar 05:00,29.25
2019-04-01,บางจาก,แก๊สโซฮอล ออกเทน 95 (Gasohol 95-E10),29 Mar 05:00,29.25
2019-04-01,เชลล์,แก๊สโซฮอล ออกเทน 95 (Gasohol 95-E10),29 Mar 05:00,29.25
2019-04-02,ปตท,แก๊สโซฮอล ออกเทน 95 (Gasohol 95-E10),29 Mar 05:00,29.25
2019-04-02,บางจาก,แก๊สโซฮอล ออกเทน 95 (Gasohol 95-E10),29 Mar 05:00,29.25
2019-04-02,เชลล์,แก๊สโซฮอล ออกเทน 95 (Gasohol 95-E10),29 Mar 05:00,29.25
2019-04-03,ปตท,แก๊สโซฮอล ออกเทน 95 (Gasohol 95-E10),29 Mar 05:00,29.25
2019-04-03,บางจาก,แก๊สโซฮอล ออกเทน 95 (Gasohol 95-E10),29 Mar 05:00,29.25
2019-04-03,เชลล์,แก๊สโซฮอล ออกเทน 95 (Gasohol 95-E10),29 Mar 05:00,29.25
2019-04-04,ปตท,แก๊สโซฮอล ออกเทน 95 (Gasohol 95-E10),29 Mar 05:00,29.25
2019-04-04,บางจาก,แก๊สโซฮอล ออกเทน 95 (Gasohol 95-E10),29 Mar 05:00,29.25
2019-04-04,เชลล์,แก๊สโซฮอล ออกเทน 95 (Gasohol 95-E10),29 Mar 05:00,29.25
2019-04-05,ปตท,แก๊สโซฮอล ออกเทน 95 (Gasohol 95-E10),29 Mar 05:00,29.25
2019-04-05,บางจาก,แก๊สโซฮอล ออกเทน 95 (Gasohol 95-E10),29 Mar 05:00,29.25
2019-04-05,เชลล์,แก๊สโซฮอล ออกเทน 95 (Gasohol 95-E10),29 Mar 05:00,29.25
2019-04-06,ปตท,แก๊สโซฮอล ออกเทน 95 (Gasohol 95-E10),29 Mar 05:00,29.25
2019-04-06,บางจาก,แก๊สโซฮอล ออกเทน 95 (Gasohol 95-E10),29 Mar 05:00,29.25
2019-04-06,เชลล์,แก๊สโซฮอล ออกเทน 95 (Gasohol 95-E10),29 Mar 05:00,29.25
2019-04-07,ปตท,แก๊สโซฮอล ออกเทน 95 (Gasohol 95-E10),29 Mar 05:00,29.25
2019-04-07,บางจาก,แก๊สโซฮอล ออกเทน 95 (Gasohol 95-E10),29 Mar 05:00,29.25
2019-04-07,เชลล์,แก๊สโซฮอล ออกเทน 95 (Gasohol 95-E10),29 Mar 05:00,29.25
2019-04-08,ปตท,แก๊สโซฮอล ออกเทน 95 (Gasohol 95-E10),29 Mar 05:00,29.25
2019-04-08,บางจาก,แก๊สโซฮอล ออกเทน 95 (Gasohol 95-E10),29 Mar 05:00,29.25
2019-04-08,เชลล์,แก๊สโซฮอล ออกเทน 95 (Gasohol 95-E10),29 Mar 05:00,29.25
2019-04-09,ปตท,แก๊สโซฮอล ออกเทน 95 (Gasohol 95-E10),29 Mar 05:00,29.25
2019-04-09,บางจาก,แก๊สโซฮอล ออกเทน 95 (Gasohol 95-E10),29 Mar 05:00,29.25
2019-04-09,เชลล์,แก๊สโซฮอล ออกเทน 95 (Gasohol 95-E10),29 Mar 05:00,29.25
2019-04-10,ปตท,แก๊สโซฮอล ออกเทน 95 (Gasohol 95-E10),29 Mar 05:00,29.25
2019-04-10,บางจาก,แก๊สโซฮอล ออกเทน 95 (Gasohol 95-E10),29 Mar 05:00,29.25
2019-04-10,เชลล์,แก๊สโซฮอล ออกเทน 95 (Gasohol 95-E10),29 Mar 05:00,29.25
2019-04-11,ปตท,แก๊สโซฮอล ออกเทน 95 (Gasohol 95-E10),29 Mar 05:00,29.25
2019-04-11,บางจาก,แก๊สโซฮอล ออกเทน 95 (Gasohol 95-E10),29 Mar 05:00,29.25
2019-04-11,เชลล์,แก๊สโซฮอล ออกเทน 95 (Gasohol 95-E10),29 Mar 05:00,29.25
2019-04-12,ปตท,แก๊สโซฮอล ออกเทน 95 (Gasohol 95-E10),29 Mar 05:00,29.25
2019-04-12,บางจาก,แก๊สโซฮอล ออกเทน 95 (Gasohol 95-E10),29 Mar 05:00,29.25
2019-04-12,เชลล์,แก๊สโซฮอล ออกเทน 95 (Gasohol 95-E10),29 Mar 05:00,29.25
2019-04-13,ปตท,แก๊สโซฮอล ออกเทน 95 (Gasohol 95-E10),29 Mar 05:00,29.25
2019-04-13,บางจาก,แก๊สโซฮอล ออกเทน 95 (Gasohol 95-E10),29 Mar 05:00,29.25
2019-04-13,เชลล์,แก๊สโซฮอล ออกเทน 95 (Gasohol 95-E10),29 Mar 05:00,29.25
2019-04-14,ปตท,แก๊สโซฮอล ออกเทน 95 (Gasohol 95-E10),29 Mar 05:00,29.25
2019-04-14,บางจาก,แก๊สโซฮอล ออกเทน 95 (Gasohol 95-E10),29 Mar 05:00,29.25
2019-04-14,เชลล์,แก๊สโซฮอล ออกเทน 95 (Gasohol 95-E10),29 Mar 05:00,29.25
2019-04-15,ปตท,แก๊สโซฮอล ออกเทน 95 (Gasohol 95-E10),29 Mar 05:00,29.25
2019-04-15,บางจาก,แก๊สโซฮอล ออกเทน 95 (Gasohol 95-E10),29 Mar 05:00,29.25
2019-04-15,เชลล์,แก๊สโซฮอล ออกเทน 95 (Gasohol 95-E10),29 Mar 05:00,29.25
2019-04-16,ปตท,แก๊สโซฮอล ออกเทน 95 (Gasohol 95-E10),29 Mar 05:00,29.25
2019-04-16,บางจาก,แก๊สโซฮอล ออกเทน 95 (Gasohol 95-E10),29 Mar 05:00,29.25
2019-04-16,เชลล์,แก๊สโซฮอล ออกเทน 95 (Gasohol 95-E10),29 Mar 05:00,29.25
2019-04-17,ปตท,แก๊สโซฮอล ออกเทน 95 (Gasohol 95-E10),29 Mar 05:00,29.25
2019-04-17,บางจาก,แก๊สโซฮอล ออกเทน 95 (Gasohol 95-E10),29 Mar 05:00,29.25
2019-04-17,เชลล์,แก๊สโซฮอล ออกเทน 95 (Gasohol 95-E10),29 Mar 05:00,29.25
2019-04-18,ปตท,แก๊สโซฮอล ออกเทน 95 (Gasohol 95-E10),29 Mar 05:00,29.25
2019-04-18,บางจาก,แก๊สโซฮอล ออกเทน 95 (Gasohol 95-E10),29 Mar 05:00,29.25
2019-04-18,เชลล์,แก๊สโซฮอล ออกเทน 95 (Gasohol 95-E10),29 Mar 05:00,29.25
2019-04-19,ปตท,แก๊สโซฮอล ออกเทน 95 (Gasohol 95-E10),29 Mar 05:00,29.25
2019-04-19,บางจาก,แก๊สโซฮอล ออกเทน 95 (Gasohol 95-E10),29 Mar 05:00,29.25
2019-04-19,เชลล์,แก๊สโซฮอล ออกเทน 95 (Gasohol 95-E10),29 Mar 05:00,29.25
2019-04-20,ปตท,แก๊สโซฮอล ออกเทน 95 (Gasohol 95-E10),19 Apr 05:00,29.75
2019-04-20,บางจาก,แก๊สโซฮอล ออกเทน 95 (Gasohol 95-E10),19 Apr 05:00,29.75
2019-04-20,เชลล์,แก๊สโซฮอล ออกเทน 95 (Gasohol 95-E10),19 Apr 05:00,29.75
2019-04-21,ปตท,แก๊สโซฮอล ออกเทน 95 (Gasohol 95-E10),19 Apr 05:00,29.75
2019-04-21,บางจาก,แก๊สโซฮอล ออกเทน 95 (Gasohol 95-E10),19 Apr 05:00,29.75
2019-04-21,เชลล์,แก๊สโซฮอล ออกเทน 95 (Gasohol 95-E10),19 Apr 05:00,29.75
2019-04-22,ปตท,แก๊สโซฮอล ออกเทน 95 (Gasohol 95-E10),19 Apr 05:00,29.75
2019-04-22,บางจาก,แก๊สโซฮอล ออกเทน 95 (Gasohol 95-E10),19 Apr 05:00,29.75
2019-04-22,เชลล์,แก๊สโซฮอล ออกเทน 95 (Gasohol 95-E10),19 Apr 05:00,29.75
2019-04-23,ปตท,แก๊สโซฮอล ออกเทน 95 (Gasohol 95-E10),19 Apr 05:00,29.75
2019-04-23,บางจาก,แก๊สโซฮอล ออกเทน 95 (Gasohol 95-E10),19 Apr 05:00,29.75
2019-04-23,เชลล์,แก๊สโซฮอล ออกเทน 95 (Gasohol 95-E10),19 Apr 05:00,29.75
2019-04-24,ปตท,แก๊สโซฮอล ออกเทน 95 (Gasohol 95-E10),19 Apr 05:00,29.75
2019-04-24,บางจาก,แก๊สโซฮอล ออกเทน 95 (Gasohol 95-E10),19 Apr 05:00,29.75
2019-04-24,เชลล์,แก๊สโซฮอล ออกเทน 95 (Gasohol 95-E10),23 Apr 05:00,30.15
2019-04-25,ปตท,แก๊สโซฮอล ออกเทน 95 (Gasohol 95-E10),24 Apr 05:00,30.15
2019-04-25,บางจาก,แก๊สโซฮอล ออกเทน 95 (Gasohol 95-E10),24 Apr 05:00,30.15
2019-04-25,เชลล์,แก๊สโซฮอล ออกเทน 95 (Gasohol 95-E10),24 Apr 05:00,30.15
2019-04-26,ปตท,แก๊สโซฮอล ออกเทน 95 (Gasohol 95-E10),24 Apr 05:00,30.15
2019-04-26,บางจาก,แก๊สโซฮอล ออกเทน 95 (Gasohol 95-E10),24 Apr 05:00,30.15
2019-04-26,เชลล์,แก๊สโซฮอล ออกเทน 95 (Gasohol 95-E10),24 Apr 05:00,30.15
2019-04-27,ปตท,แก๊สโซฮอล ออกเทน 95 (Gasohol 95-E10),24 Apr 05:00,30.15
2019-04-27,บางจาก,แก๊สโซฮอล ออกเทน 95 (Gasohol 95-E10),24 Apr 05:00,30.15
2019-04-27,เชลล์,แก๊สโซฮอล ออกเทน 95 (Gasohol 95-E10),24 Apr 05:00,30.15
2019-04-28,ปตท,แก๊สโซฮอล ออกเทน 95 (Gasohol 95-E10),27 Apr 05:00,30.45
2019-04-28,บางจาก,แก๊สโซฮอล ออกเทน 95 (Gasohol 95-E10),27 Apr 05:00,30.45
2019-04-28,เชลล์,แก๊สโซฮอล ออกเทน 95 (Gasohol 95-E10),27 Apr 05:00,30.45
2019-04-29,ปตท,แก๊สโซฮอล ออกเทน 95 (Gasohol 95-E10),27 Apr 05:00,30.45
2019-04-29,บางจาก,แก๊สโซฮอล ออกเทน 95 (Gasohol 95-E10),27 Apr 05:00,30.45
2019-04-29,เชลล์,แก๊สโซฮอล ออกเทน 95 (Gasohol 95-E10),27 Apr 05:00,30.45
2019-04-30,ปตท,แก๊สโซฮอล ออกเทน 95 (Gasohol 95-E10),27 Apr 05:00,30.45
2019-04-30,บางจาก,แก๊สโซฮอล ออกเทน 95 (Gasohol 95-E10),27 Apr 05:00,30.45
2019-04-30,เชลล์,แก๊สโซฮอล ออกเทน 95 (Gasohol 95-E10),27 Apr 05:00,30.45
2019-05-01,ปตท,แก๊สโซฮอล ออกเทน 95 (Gasohol 95-E10),30 Apr 05:00,30.05
2019-05-01,บางจาก,แก๊สโซฮอล ออกเทน 95 (Gasohol 95-E10),30 Apr 05:00,30.05
2019-05-01,เชลล์,แก๊สโซฮอล ออกเทน 95 (Gasohol 95-E10),30 Apr 05:00,30.05
2019-05-02,ปตท,แก๊สโซฮอล ออกเทน 95 (Gasohol 95-E10),30 Apr 05:00,30.05
2019-05-02,บางจาก,แก๊สโซฮอล ออกเทน 95 (Gasohol 95-E10),30 Apr 05:00,30.05
2019-05-02,เชลล์,แก๊สโซฮอล ออกเทน 95 (Gasohol 95-E10),30 Apr 05:00,30.05
2019-05-03,ปตท,แก๊สโซฮอล ออกเทน 95 (Gasohol 95-E10),30 Apr 05:00,30.05
2019-05-03,บางจาก,แก๊สโซฮอล ออกเทน 95 (Gasohol 95-E10),30 Apr 05:00,30.05
2019-05-03,เชลล์,แก๊สโซฮอล ออกเทน 95 (Gasohol 95-E10),30 Apr 05:00,30.05
2019-05-04,ปตท,แก๊สโซฮอล ออกเทน 95 (Gasohol 95-E10),30 Apr 05:00,30.05
2019-05-04,บางจาก,แก๊สโซฮอล ออกเทน 95 (Gasohol 95-E10),30 Apr 05:00,30.05
2019-05-04,เชลล์,แก๊สโซฮอล ออกเทน 95 (Gasohol 95-E10),30 Apr 05:00,30.05
2019-05-05,ปตท,แก๊สโซฮอล ออกเทน 95 (Gasohol 95-E10),30 Apr 05:00,30.05
2019-05-05,บางจาก,แก๊สโซฮอล ออกเทน 95 (Gasohol 95-E10),30 Apr 05:00,30.05
2019-05-05,เชลล์,แก๊สโซฮอล ออกเทน 95 (Gasohol 95-E10),30 Apr 05:00,30.05
2019-05-06,ปตท,แก๊สโซฮอล ออกเทน 95 (Gasohol 95-E10),05 May 05:00,29.65
2019-05-06,บางจาก,แก๊สโซฮอล ออกเทน 95 (Gasohol 95-E10),05 May 05:00,29.65
2019-05-06,เชลล์,แก๊สโซฮอล ออกเทน 95 (Gasohol 95-E10),30 Apr 05:00,30.05
2019-05-07,ปตท,แก๊สโซฮอล ออกเทน 95 (Gasohol 95-E10),05 May 05:00,29.65
2019-05-07,บางจาก,แก๊สโซฮอล ออกเทน 95 (Gasohol 95-E10),05 May 05:00,29.65
2019-05-07,เชลล์,แก๊สโซฮอล ออกเทน 95 (Gasohol 95-E10),30 Apr 05:00,30.05
2019-05-08,ปตท,แก๊สโซฮอล ออกเทน 95 (Gasohol 95-E10),05 May 05:00,29.65
2019-05-08,บางจาก,แก๊สโซฮอล ออกเทน 95 (Gasohol 95-E10),05 May 05:00,29.65
2019-05-08,เชลล์,แก๊สโซฮอล ออกเทน 95 (Gasohol 95-E10),30 Apr 05:00,30.05
2019-05-09,ปตท,แก๊สโซฮอล ออกเทน 95 (Gasohol 95-E10),05 May 05:00,29.65
2019-05-09,บางจาก,แก๊สโซฮอล ออกเทน 95 (Gasohol 95-E10),05 May 05:00,29.65
2019-05-09,เชลล์,แก๊สโซฮอล ออกเทน 95 (Gasohol 95-E10),08 May 05:00,29.65
2019-05-10,ปตท,แก๊สโซฮอล ออกเทน 95 (Gasohol 95-E10),05 May 05:00,29.65
2019-05-10,บางจาก,แก๊สโซฮอล ออกเทน 95 (Gasohol 95-E10),05 May 05:00,29.65
2019-05-10,เชลล์,แก๊สโซฮอล ออกเทน 95 (Gasohol 95-E10),08 May 05:00,29.65
2019-05-11,ปตท,แก๊สโซฮอล ออกเทน 95 (Gasohol 95-E10),10 May 05:00,29.15
2019-05-11,บางจาก,แก๊สโซฮอล ออกเทน 95 (Gasohol 95-E10),10 May 05:00,29.15
2019-05-11,เชลล์,แก๊สโซฮอล ออกเทน 95 (Gasohol 95-E10),10 May 05:00,29.15
2019-05-12,ปตท,แก๊สโซฮอล ออกเทน 95 (Gasohol 95-E10),10 May 05:00,29.15
2019-05-12,บางจาก,แก๊สโซฮอล ออกเทน 95 (Gasohol 95-E10),10 May 05:00,29.15
2019-05-12,เชลล์,แก๊สโซฮอล ออกเทน 95 (Gasohol 95-E10),10 May 05:00,29.15
2019-05-13,ปตท,แก๊สโซฮอล ออกเทน 95 (Gasohol 95-E10),10 May 05:00,29.15
2019-05-13,บางจาก,แก๊สโซฮอล ออกเทน 95 (Gasohol 95-E10),10 May 05:00,29.15
2019-05-13,เชลล์,แก๊สโซฮอล ออกเทน 95 (Gasohol 95-E10),10 May 05:00,29.15
2019-05-14,ปตท,แก๊สโซฮอล ออกเทน 95 (Gasohol 95-E10),10 May 05:00,29.15
2019-05-14,บางจาก,แก๊สโซฮอล ออกเทน 95 (Gasohol 95-E10),10 May 05:00,29.15
2019-05-14,เชลล์,แก๊สโซฮอล ออกเทน 95 (Gasohol 95-E10),10 May 05:00,29.15
2019-05-15,ปตท,แก๊สโซฮอล ออกเทน 95 (Gasohol 95-E10),10 May 05:00,29.15
2019-05-15,บางจาก,แก๊สโซฮอล ออกเทน 95 (Gasohol 95-E10),10 May 05:00,29.15
2019-05-15,เชลล์,แก๊สโซฮอล ออกเทน 95 (Gasohol 95-E10),10 May 05:00,29.15
2019-05-16,ปตท,แก๊สโซฮอล ออกเทน 95 (Gasohol 95-E10),10 May 05:00,29.15
2019-05-16,บางจาก,แก๊สโซฮอล ออกเทน 95 (Gasohol 95-E10),10 May 05:00,29.15
2019-05-16,เชลล์,แก๊สโซฮอล ออกเทน 95 (Gasohol 95-E10),10 May 05:00,29.15
2019-05-17,ปตท,แก๊สโซฮอล ออกเทน 95 (Gasohol 95-E10),10 May 05:00,29.15
2019-05-17,บางจาก,แก๊สโซฮอล ออกเทน 95 (Gasohol 95-E10),10 May 05:00,29.15
2019-05-17,เชลล์,แก๊สโซฮอล ออกเทน 95 (Gasohol 95-E10),10 May 05:00,29.15
2019-05-18,ปตท,แก๊สโซฮอล ออกเทน 95 (Gasohol 95-E10),10 May 05:00,29.15
2019-05-18,บางจาก,แก๊สโซฮอล ออกเทน 95 (Gasohol 95-E10),10 May 05:00,29.15
2019-05-18,เชลล์,แก๊สโซฮอล ออกเทน 95 (Gasohol 95-E10),10 May 05:00,29.15
2019-05-19,ปตท,แก๊สโซฮอล ออกเทน 95 (Gasohol 95-E10),18 May 05:00,29.55
2019-05-19,บางจาก,แก๊สโซฮอล ออกเทน 95 (Gasohol 95-E10),18 May 05:00,29.55
2019-05-19,เชลล์,แก๊สโซฮอล ออกเทน 95 (Gasohol 95-E10),18 May 05:00,29.55
2019-05-20,ปตท,แก๊สโซฮอล ออกเทน 95 (Gasohol 95-E10),18 May 05:00,29.55
2019-05-20,บางจาก,แก๊สโซฮอล ออกเทน 95 (Gasohol 95-E10),18 May 05:00,29.55
2019-05-20,เชลล์,แก๊สโซฮอล ออกเทน 95 (Gasohol 95-E10),18 May 05:00,29.55
2019-05-21,ปตท,แก๊สโซฮอล ออกเทน 95 (Gasohol 95-E10),18 May 05:00,29.55
2019-05-21,บางจาก,แก๊สโซฮอล ออกเทน 95 (Gasohol 95-E10),18 May 05:00,29.55
2019-05-21,เชลล์,แก๊สโซฮอล ออกเทน 95 (Gasohol 95-E10),18 May 05:00,29.55
2019-05-22,ปตท,แก๊สโซฮอล ออกเทน 95 (Gasohol 95-E10),18 May 05:00,29.55
2019-05-22,บางจาก,แก๊สโซฮอล ออกเทน 95 (Gasohol 95-E10),18 May 05:00,29.55
2019-05-22,เชลล์,แก๊สโซฮอล ออกเทน 95 (Gasohol 95-E10),18 May 05:00,29.55
2019-05-23,ปตท,แก๊สโซฮอล ออกเทน 95 (Gasohol 95-E10),18 May 05:00,29.55
2019-05-23,บางจาก,แก๊สโซฮอล ออกเทน 95 (Gasohol 95-E10),18 May 05:00,29.55
2019-05-23,เชลล์,แก๊สโซฮอล ออกเทน 95 (Gasohol 95-E10),18 May 05:00,29.55
2019-05-24,ปตท,แก๊สโซฮอล ออกเทน 95 (Gasohol 95-E10),18 May 05:00,29.55
2019-05-24,บางจาก,แก๊สโซฮอล ออกเทน 95 (Gasohol 95-E10),18 May 05:00,29.55
2019-05-24,เชลล์,แก๊สโซฮอล ออกเทน 95 (Gasohol 95-E10),18 May 05:00,29.55
2019-05-25,ปตท,แก๊สโซฮอล ออกเทน 95 (Gasohol 95-E10),18 May 05:00,29.55
2019-05-25,บางจาก,แก๊สโซฮอล ออกเทน 95 (Gasohol 95-E10),18 May 05:00,29.55
2019-05-25,เชลล์,แก๊สโซฮอล ออกเทน 95 (Gasohol 95-E10),18 May 05:00,29.55
2019-05-26,ปตท,แก๊สโซฮอล ออกเทน 95 (Gasohol 95-E10),25 May 05:00,29.05
2019-05-26,บางจาก,แก๊สโซฮอล ออกเทน 95 (Gasohol 95-E10),25 May 05:00,29.05
2019-05-26,เชลล์,แก๊สโซฮอล ออกเทน 95 (Gasohol 95-E10),25 May 05:00,29.05
2019-05-27,ปตท,แก๊สโซฮอล ออกเทน 95 (Gasohol 95-E10),25 May 05:00,29.05
2019-05-27,บางจาก,แก๊สโซฮอล ออกเทน 95 (Gasohol 95-E10),25 May 05:00,29.05
2019-05-27,เชลล์,แก๊สโซฮอล ออกเทน 95 (Gasohol 95-E10),25 May 05:00,29.05
2019-05-28,ปตท,แก๊สโซฮอล ออกเทน 95 (Gasohol 95-E10),25 May 05:00,29.05
2019-05-28,บางจาก,แก๊สโซฮอล ออกเทน 95 (Gasohol 95-E10),25 May 05:00,29.05
2019-05-28,เชลล์,แก๊สโซฮอล ออกเทน 95 (Gasohol 95-E10),25 May 05:00,29.05
2019-05-29,ปตท,แก๊สโซฮอล ออกเทน 95 (Gasohol 95-E10),25 May 05:00,29.05
2019-05-29,บางจาก,แก๊สโซฮอล ออกเทน 95 (Gasohol 95-E10),25 May 05:00,29.05
2019-05-29,เชลล์,แก๊สโซฮอล ออกเทน 95 (Gasohol 95-E10),25 May 05:00,29.05
2019-05-30,ปตท,แก๊สโซฮอล ออกเทน 95 (Gasohol 95-E10),29 May 05:00,28.75
2019-05-30,บางจาก,แก๊สโซฮอล ออกเทน 95 (Gasohol 95-E10),29 May 05:00,28.75
2019-05-30,เชลล์,แก๊สโซฮอล ออกเทน 95 (Gasohol 95-E10),25 May 05:00,29.05
2019-05-31,ปตท,แก๊สโซฮอล ออกเทน 95 (Gasohol 95-E10),29 May 05:00,28.75
2019-05-31,บางจาก,แก๊สโซฮอล ออกเทน 95 (Gasohol 95-E10),29 May 05:00,28.75
2019-05-31,เชลล์,แก๊สโซฮอล ออกเทน 95 (Gasohol 95-E10),30 May 05:00,28.75
2019-06-01,ปตท,แก๊สโซฮอล ออกเทน 95 (Gasohol 95-E10),29 May 05:00,28.75
2019-06-01,บางจาก,แก๊สโซฮอล ออกเทน 95 (Gasohol 95-E10),29 May 05:00,28.75
2019-06-01,เชลล์,แก๊สโซฮอล ออกเทน 95 (Gasohol 95-E10),30 May 05:00,28.75
2019-06-02,ปตท,แก๊สโซฮอล ออกเทน 95 (Gasohol 95-E10),01 Jun 05:00,28.35
2019-06-02,บางจาก,แก๊สโซฮอล ออกเทน 95 (Gasohol 95-E10),01 Jun 05:00,28.35
2019-06-02,เชลล์,แก๊สโซฮอล ออกเทน 95 (Gasohol 95-E10),01 Jun 05:00,28.35
2019-06-03,ปตท,แก๊สโซฮอล ออกเทน 95 (Gasohol 95-E10),01 Jun 05:00,28.35
2019-06-03,บางจาก,แก๊สโซฮอล ออกเทน 95 (Gasohol 95-E10),01 Jun 05:00,28.35
2019-06-03,เชลล์,แก๊สโซฮอล ออกเทน 95 (Gasohol 95-E10),01 Jun 05:00,28.35
2019-06-04,ปตท,แก๊สโซฮอล ออกเทน 95 (Gasohol 95-E10),01 Jun 05:00,28.35
2019-06-04,บางจาก,แก๊สโซฮอล ออกเทน 95 (Gasohol 95-E10),01 Jun 05:00,28.35
2019-06-04,เชลล์,แก๊สโซฮอล ออกเทน 95 (Gasohol 95-E10),01 Jun 05:00,28.35
2019-06-05,ปตท,แก๊สโซฮอล ออกเทน 95 (Gasohol 95-E10),01 Jun 05:00,28.35
2019-06-05,บางจาก,แก๊สโซฮอล ออกเทน 95 (Gasohol 95-E10),01 Jun 05:00,28.35
2019-06-05,เชลล์,แก๊สโซฮอล ออกเทน 95 (Gasohol 95-E10),01 Jun 05:00,28.35
2019-06-06,ปตท,แก๊สโซฮอล ออกเทน 95 (Gasohol 95-E10),05 Jun 05:00,27.75
2019-06-06,บางจาก,แก๊สโซฮอล ออกเทน 95 (Gasohol 95-E10),05 Jun 05:00,27.75
2019-06-06,เชลล์,แก๊สโซฮอล ออกเทน 95 (Gasohol 95-E10),05 Jun 05:00,27.75
2019-06-07,ปตท,แก๊สโซฮอล ออกเทน 95 (Gasohol 95-E10),05 Jun 05:00,27.75
2019-06-07,บางจาก,แก๊สโซฮอล ออกเทน 95 (Gasohol 95-E10),05 Jun 05:00,27.75
2019-06-07,เชลล์,แก๊สโซฮอล ออกเทน 95 (Gasohol 95-E10),05 Jun 05:00,27.75
2019-06-08,ปตท,แก๊สโซฮอล ออกเทน 95 (Gasohol 95-E10),07 Jun 05:00,27.35
2019-06-08,บางจาก,แก๊สโซฮอล ออกเทน 95 (Gasohol 95-E10),07 Jun 05:00,27.35
2019-06-08,เชลล์,แก๊สโซฮอล ออกเทน 95 (Gasohol 95-E10),07 Jun 05:00,27.35
2019-06-09,ปตท,แก๊สโซฮอล ออกเทน 95 (Gasohol 95-E10),07 Jun 05:00,27.35
2019-06-09,บางจาก,แก๊สโซฮอล ออกเทน 95 (Gasohol 95-E10),07 Jun 05:00,27.35
2019-06-09,เชลล์,แก๊สโซฮอล ออกเทน 95 (Gasohol 95-E10),07 Jun 05:00,27.35
2019-06-10,ปตท,แก๊สโซฮอล ออกเทน 95 (Gasohol 95-E10),07 Jun 05:00,27.35
2019-06-10,บางจาก,แก๊สโซฮอล ออกเทน 95 (Gasohol 95-E10),07 Jun 05:00,27.35
2019-06-10,เชลล์,แก๊สโซฮอล ออกเทน 95 (Gasohol 95-E10),07 Jun 05:00,27.35
2019-06-11,ปตท,แก๊สโซฮอล ออกเทน 95 (Gasohol 95-E10),07 Jun 05:00,27.35
2019-06-11,บางจาก,แก๊สโซฮอล ออกเทน 95 (Gasohol 95-E10),07 Jun 05:00,27.35
2019-06-11,เชลล์,แก๊สโซฮอล ออกเทน 95 (Gasohol 95-E10),07 Jun 05:00,27.35
2019-06-12,ปตท,แก๊สโซฮอล ออกเทน 95 (Gasohol 95-E10),07 Jun 05:00,27.35
2019-06-12,บางจาก,แก๊สโซฮอล ออกเทน 95 (Gasohol 95-E10),07 Jun 05:00,27.35
2019-06-12,เชลล์,แก๊สโซฮอล ออกเทน 95 (Gasohol 95-E10),07 Jun 05:00,27.35
2019-06-13,ปตท,แก๊สโซฮอล ออกเทน 95 (Gasohol 95-E10),07 Jun 05:00,27.35
2019-06-13,บางจาก,แก๊สโซฮอล ออกเทน 95 (Gasohol 95-E10),07 Jun 05:00,27.35
2019-06-13,เชลล์,แก๊สโซฮอล ออกเทน 95 (Gasohol 95-E10),07 Jun 05:00,27.35
2019-06-14,ปตท,แก๊สโซฮอล ออกเทน 95 (Gasohol 95-E10),13 Jun 05:00,27.05
2019-06-14,บางจาก,แก๊สโซฮอล ออกเทน 95 (Gasohol 95-E10),13 Jun 05:00,27.05
2019-06-14,เชลล์,แก๊สโซฮอล ออกเทน 95 (Gasohol 95-E10),13 Jun 05:00,27.05
2019-06-15,ปตท,แก๊สโซฮอล ออกเทน 95 (Gasohol 95-E10),13 Jun 05:00,27.05
2019-06-15,บางจาก,แก๊สโซฮอล ออกเทน 95 (Gasohol 95-E10),13 Jun 05:00,27.05
2019-06-15,เชลล์,แก๊สโซฮอล ออกเทน 95 (Gasohol 95-E10),13 Jun 05:00,27.05
2019-06-16,ปตท,แก๊สโซฮอล ออกเทน 95 (Gasohol 95-E10),13 Jun 05:00,27.05
2019-06-16,บางจาก,แก๊สโซฮอล ออกเทน 95 (Gasohol 95-E10),13 Jun 05:00,27.05
2019-06-16,เชลล์,แก๊สโซฮอล ออกเทน 95 (Gasohol 95-E10),13 Jun 05:00,27.05
2019-06-17,ปตท,แก๊สโซฮอล ออกเทน 95 (Gasohol 95-E10),13 Jun 05:00,27.05
2019-06-17,บางจาก,แก๊สโซฮอล ออกเทน 95 (Gasohol 95-E10),13 Jun 05:00,27.05
2019-06-17,เชลล์,แก๊สโซฮอล ออกเทน 95 (Gasohol 95-E10),13 Jun 05:00,27.05
2019-06-18,ปตท,แก๊สโซฮอล ออกเทน 95 (Gasohol 95-E10),13 Jun 05:00,27.05
2019-06-18,บางจาก,แก๊สโซฮอล ออกเทน 95 (Gasohol 95-E10),13 Jun 05:00,27.05
2019-06-18,เชลล์,แก๊สโซฮอล ออกเทน 95 (Gasohol 95-E10),13 Jun 05:00,27.05
2019-06-19,ปตท,แก๊สโซฮอล ออกเทน 95 (Gasohol 95-E10),13 Jun 05:00,27.05
2019-06-19,บางจาก,แก๊สโซฮอล ออกเทน 95 (Gasohol 95-E10),13 Jun 05:00,27.05
2019-06-19,เชลล์,แก๊สโซฮอล ออกเทน 95 (Gasohol 95-E10),13 Jun 05:00,27.05
2019-06-20,ปตท,แก๊สโซฮอล ออกเทน 95 (Gasohol 95-E10),13 Jun 05:00,27.05
2019-06-20,บางจาก,แก๊สโซฮอล ออกเทน 95 (Gasohol 95-E10),13 Jun 05:00,27.05
2019-06-20,เชลล์,แก๊สโซฮอล ออกเทน 95 (Gasohol 95-E10),13 Jun 05:00,27.05
2019-06-21,ปตท,แก๊สโซฮอล ออกเทน 95 (Gasohol 95-E10),13 Jun 05:00,27.05
2019-06-21,บางจาก,แก๊สโซฮอล ออกเทน 95 (Gasohol 95-E10),13 Jun 05:00,27.05
2019-06-21,เชลล์,แก๊สโซฮอล ออกเทน 95 (Gasohol 95-E10),13 Jun 05:00,27.05
2019-06-22,ปตท,แก๊สโซฮอล ออกเทน 95 (Gasohol 95-E10),13 Jun 05:00,27.05
2019-06-22,บางจาก,แก๊สโซฮอล ออกเทน 95 (Gasohol 95-E10),13 Jun 05:00,27.05
2019-06-22,เชลล์,แก๊สโซฮอล ออกเทน 95 (Gasohol 95-E10),13 Jun 05:00,27.05
2019-06-23,ปตท,แก๊สโซฮอล ออกเทน 95 (Gasohol 95-E10),22 Jun 05:00,27.45
2019-06-23,บางจาก,แก๊สโซฮอล ออกเทน 95 (Gasohol 95-E10),22 Jun 05:00,27.45
2019-06-23,เชลล์,แก๊สโซฮอล ออกเทน 95 (Gasohol 95-E10),22 Jun 05:00,27.45
2019-06-24,ปตท,แก๊สโซฮอล ออกเทน 95 (Gasohol 95-E10),22 Jun 05:00,27.45
2019-06-24,บางจาก,แก๊สโซฮอล ออกเทน 95 (Gasohol 95-E10),22 Jun 05:00,27.45
2019-06-24,เชลล์,แก๊สโซฮอล ออกเทน 95 (Gasohol 95-E10),22 Jun 05:00,27.45
2019-06-25,ปตท,แก๊สโซฮอล ออกเทน 95 (Gasohol 95-E10),22 Jun 05:00,27.45
2019-06-25,บางจาก,แก๊สโซฮอล ออกเทน 95 (Gasohol 95-E10),22 Jun 05:00,27.45
2019-06-25,เชลล์,แก๊สโซฮอล ออกเทน 95 (Gasohol 95-E10),22 Jun 05:00,27.45
2019-06-26,ปตท,แก๊สโซฮอล ออกเทน 95 (Gasohol 95-E10),22 Jun 05:00,27.45
2019-06-26,บางจาก,แก๊สโซฮอล ออกเทน 95 (Gasohol 95-E10),22 Jun 05:00,27.45
2019-06-26,เชลล์,แก๊สโซฮอล ออกเทน 95 (Gasohol 95-E10),22 Jun 05:00,27.45
2019-06-27,ปตท,แก๊สโซฮอล ออกเทน 95 (Gasohol 95-E10),22 Jun 05:00,27.45
2019-06-27,บางจาก,แก๊สโซฮอล ออกเทน 95 (Gasohol 95-E10),22 Jun 05:00,27.45
2019-06-27,เชลล์,แก๊สโซฮอล ออกเทน 95 (Gasohol 95-E10),22 Jun 05:00,27.45
2019-06-28,ปตท,แก๊สโซฮอล ออกเทน 95 (Gasohol 95-E10),22 Jun 05:00,27.45
2019-06-28,บางจาก,แก๊สโซฮอล ออกเทน 95 (Gasohol 95-E10),22 Jun 05:00,27.45
2019-06-28,เชลล์,แก๊สโซฮอล ออกเทน 95 (Gasohol 95-E10),22 Jun 05:00,27.45
2019-06-29,ปตท,แก๊สโซฮอล ออกเทน 95 (Gasohol 95-E10),28 Jun 05:00,27.85
2019-06-29,บางจาก,แก๊สโซฮอล ออกเทน 95 (Gasohol 95-E10),28 Jun 05:00,27.85
2019-06-29,เชลล์,แก๊สโซฮอล ออกเทน 95 (Gasohol 95-E10),28 Jun 05:00,27.85
2019-06-30,ปตท,แก๊สโซฮอล ออกเทน 95 (Gasohol 95-E10),28 Jun 05:00,27.85
2019-06-30,บางจาก,แก๊สโซฮอล ออกเทน 95 (Gasohol 95-E10),28 Jun 05:00,27.85
2019-06-30,เชลล์,แก๊สโซฮอล ออกเทน 95 (Gasohol 95-E10),28 Jun 05:00,27.85
2019-07-01,ปตท,แก๊สโซฮอล ออกเทน 95 (Gasohol 95-E10),28 Jun 05:00,27.85
2019-07-01,บางจาก,แก๊สโซฮอล ออกเทน 95 (Gasohol 95-E10),28 Jun 05:00,27.85
2019-07-01,เชลล์,แก๊สโซฮอล ออกเทน 95 (Gasohol 95-E10),28 Jun 05:00,27.85
2019-07-02,ปตท,แก๊สโซฮอล ออกเทน 95 (Gasohol 95-E10),28 Jun 05:00,27.85
2019-07-02,บางจาก,แก๊สโซฮอล ออกเทน 95 (Gasohol 95-E10),28 Jun 05:00,27.85
2019-07-02,เชลล์,แก๊สโซฮอล ออกเทน 95 (Gasohol 95-E10),28 Jun 05:00,27.85
2019-07-03,ปตท,แก๊สโซฮอล ออกเทน 95 (Gasohol 95-E10),28 Jun 05:00,27.85
2019-07-03,บางจาก,แก๊สโซฮอล ออกเทน 95 (Gasohol 95-E10),28 Jun 05:00,27.85
2019-07-03,เชลล์,แก๊สโซฮอล ออกเทน 95 (Gasohol 95-E10),28 Jun 05:00,27.85
2019-07-04,ปตท,แก๊สโซฮอล ออกเทน 95 (Gasohol 95-E10),28 Jun 05:00,27.85
2019-07-04,บางจาก,แก๊สโซฮอล ออกเทน 95 (Gasohol 95-E10),28 Jun 05:00,27.85
2019-07-04,เชลล์,แก๊สโซฮอล ออกเทน 95 (Gasohol 95-E10),28 Jun 05:00,27.85
2019-07-05,ปตท,แก๊สโซฮอล ออกเทน 95 (Gasohol 95-E10),28 Jun 05:00,27.85
2019-07-05,บางจาก,แก๊สโซฮอล ออกเทน 95 (Gasohol 95-E10),28 Jun 05:00,27.85
2019-07-05,เชลล์,แก๊สโซฮอล ออกเทน 95 (Gasohol 95-E10),28 Jun 05:00,27.85
2019-07-06,ปตท,แก๊สโซฮอล ออกเทน 95 (Gasohol 95-E10),28 Jun 05:00,27.85
2019-07-06,บางจาก,แก๊สโซฮอล ออกเทน 95 (Gasohol 95-E10),28 Jun 05:00,27.85
2019-07-06,เชลล์,แก๊สโซฮอล ออกเทน 95 (Gasohol 95-E10),28 Jun 05:00,27.85
2019-07-07,ปตท,แก๊สโซฮอล ออกเทน 95 (Gasohol 95-E10),06 Jul 05:00,27.55
2019-07-07,บางจาก,แก๊สโซฮอล ออกเทน 95 (Gasohol 95-E10),06 Jul 05:00,27.55
2019-07-07,เชลล์,แก๊สโซฮอล ออกเทน 95 (Gasohol 95-E10),06 Jul 05:00,27.55
2019-07-08,ปตท,แก๊สโซฮอล ออกเทน 95 (Gasohol 95-E10),06 Jul 05:00,27.55
2019-07-08,บางจาก,แก๊สโซฮอล ออกเทน 95 (Gasohol 95-E10),06 Jul 05:00,27.55
2019-07-08,เชลล์,แก๊สโซฮอล ออกเทน 95 (Gasohol 95-E10),06 Jul 05:00,27.55
2019-07-09,ปตท,แก๊สโซฮอล ออกเทน 95 (Gasohol 95-E10),06 Jul 05:00,27.55
2019-07-09,บางจาก,แก๊สโซฮอล ออกเทน 95 (Gasohol 95-E10),06 Jul 05:00,27.55
2019-07-09,เชลล์,แก๊สโซฮอล ออกเทน 95 (Gasohol 95-E10),06 Jul 05:00,27.55
2019-07-10,ปตท,แก๊สโซฮอล ออกเทน 95 (Gasohol 95-E10),06 Jul 05:00,27.55
2019-07-10,บางจาก,แก๊สโซฮอล ออกเทน 95 (Gasohol 95-E10),06 Jul 05:00,27.55
2019-07-10,เชลล์,แก๊สโซฮอล ออกเทน 95 (Gasohol 95-E10),06 Jul 05:00,27.55
2019-07-11,ปตท,แก๊สโซฮอล ออกเทน 95 (Gasohol 95-E10),10 Jul 05:00,27.85
2019-07-11,บางจาก,แก๊สโซฮอล ออกเทน 95 (Gasohol 95-E10),10 Jul 05:00,27.85
2019-07-11,เชลล์,แก๊สโซฮอล ออกเทน 95 (Gasohol 95-E10),10 Jul 05:00,27.85
2019-07-12,ปตท,แก๊สโซฮอล ออกเทน 95 (Gasohol 95-E10),10 Jul 05:00,27.85
2019-07-12,บางจาก,แก๊สโซฮอล ออกเทน 95 (Gasohol 95-E10),10 Jul 05:00,27.85
2019-07-12,เชลล์,แก๊สโซฮอล ออกเทน 95 (Gasohol 95-E10),10 Jul 05:00,27.85
2019-07-13,ปตท,แก๊สโซฮอล ออกเทน 95 (Gasohol 95-E10),10 Jul 05:00,27.85
2019-07-13,บางจาก,แก๊สโซฮอล ออกเทน 95 (Gasohol 95-E10),10 Jul 05:00,27.85
2019-07-13,เชลล์,แก๊สโซฮอล ออกเทน 95 (Gasohol 95-E10),10 Jul 05:00,27.85
2019-07-14,ปตท,แก๊สโซฮอล ออกเทน 95 (Gasohol 95-E10),13 Jul 05:00,28.35
2019-07-14,บางจาก,แก๊สโซฮอล ออกเทน 95 (Gasohol 95-E10),13 Jul 05:00,28.35
2019-07-14,เชลล์,แก๊สโซฮอล ออกเทน 95 (Gasohol 95-E10),13 Jul 05:00,28.35
2019-07-15,ปตท,แก๊สโซฮอล ออกเทน 95 (Gasohol 95-E10),13 Jul 05:00,28.35
2019-07-15,บางจาก,แก๊สโซฮอล ออกเทน 95 (Gasohol 95-E10),13 Jul 05:00,28.35
2019-07-15,เชลล์,แก๊สโซฮอล ออกเทน 95 (Gasohol 95-E10),13 Jul 05:00,28.35
2019-07-16,ปตท,แก๊สโซฮอล ออกเทน 95 (Gasohol 95-E10),13 Jul 05:00,28.35
2019-07-16,บางจาก,แก๊สโซฮอล ออกเทน 95 (Gasohol 95-E10),13 Jul 05:00,28.35
2019-07-16,เชลล์,แก๊สโซฮอล ออกเทน 95 (Gasohol 95-E10),13 Jul 05:00,28.35
2019-07-17,ปตท,แก๊สโซฮอล ออกเทน 95 (Gasohol 95-E10),13 Jul 05:00,28.35
2019-07-17,บางจาก,แก๊สโซฮอล ออกเทน 95 (Gasohol 95-E10),13 Jul 05:00,28.35
2019-07-17,เชลล์,แก๊สโซฮอล ออกเทน 95 (Gasohol 95-E10),13 Jul 05:00,28.35
2019-07-18,ปตท,แก๊สโซฮอล ออกเทน 95 (Gasohol 95-E10),13 Jul 05:00,28.35
2019-07-18,บางจาก,แก๊สโซฮอล ออกเทน 95 (Gasohol 95-E10),13 Jul 05:00,28.35
2019-07-18,เชลล์,แก๊สโซฮอล ออกเทน 95 (Gasohol 95-E10),13 Jul 05:00,28.35
2019-07-19,ปตท,แก๊สโซฮอล ออกเทน 95 (Gasohol 95-E10),13 Jul 05:00,28.35
2019-07-19,บางจาก,แก๊สโซฮอล ออกเทน 95 (Gasohol 95-E10),13 Jul 05:00,28.35
2019-07-19,เชลล์,แก๊สโซฮอล ออกเทน 95 (Gasohol 95-E10),13 Jul 05:00,28.35
2019-07-20,ปตท,แก๊สโซฮอล ออกเทน 95 (Gasohol 95-E10),19 Jul 05:00,28.35
2019-07-20,บางจาก,แก๊สโซฮอล ออกเทน 95 (Gasohol 95-E10),19 Jul 05:00,28.35
2019-07-20,เชลล์,แก๊สโซฮอล ออกเทน 95 (Gasohol 95-E10),19 Jul 05:00,28.35
2019-07-21,ปตท,แก๊สโซฮอล ออกเทน 95 (Gasohol 95-E10),19 Jul 05:00,28.35
2019-07-21,บางจาก,แก๊สโซฮอล ออกเทน 95 (Gasohol 95-E10),19 Jul 05:00,28.35
2019-07-21,เชลล์,แก๊สโซฮอล ออกเทน 95 (Gasohol 95-E10),19 Jul 05:00,28.35
2019-07-22,ปตท,แก๊สโซฮอล ออกเทน 95 (Gasohol 95-E10),19 Jul 05:00,28.35
2019-07-22,บางจาก,แก๊สโซฮอล ออกเทน 95 (Gasohol 95-E10),19 Jul 05:00,28.35
2019-07-22,เชลล์,แก๊สโซฮอล ออกเทน 95 (Gasohol 95-E10),19 Jul 05:00,28.35
2019-07-23,ปตท,แก๊สโซฮอล ออกเทน 95 (Gasohol 95-E10),19 Jul 05:00,28.35
2019-07-23,บางจาก,แก๊สโซฮอล ออกเทน 95 (Gasohol 95-E10),19 Jul 05:00,28.35
2019-07-23,เชลล์,แก๊สโซฮอล ออกเทน 95 (Gasohol 95-E10),19 Jul 05:00,28.35
2019-07-24,ปตท,แก๊สโซฮอล ออกเทน 95 (Gasohol 95-E10),19 Jul 05:00,28.35
2019-07-24,บางจาก,แก๊สโซฮอล ออกเทน 95 (Gasohol 95-E10),19 Jul 05:00,28.35
2019-07-24,เชลล์,แก๊สโซฮอล ออกเทน 95 (Gasohol 95-E10),19 Jul 05:00,28.35
2019-07-25,ปตท,แก๊สโซฮอล ออกเทน 95 (Gasohol 95-E10),19 Jul 05:00,28.35
2019-07-25,บางจาก,แก๊สโซฮอล ออกเทน 95 (Gasohol 95-E10),19 Jul 05:00,28.35
2019-07-25,เชลล์,แก๊สโซฮอล ออกเทน 95 (Gasohol 95-E10),19 Jul 05:00,28.35
2019-07-26,ปตท,แก๊สโซฮอล ออกเทน 95 (Gasohol 95-E10),25 Jul 05:00,28.05
2019-07-26,บางจาก,แก๊สโซฮอล ออกเทน 95 (Gasohol 95-E10),25 Jul 05:00,28.05
2019-07-26,เชลล์,แก๊สโซฮอล ออกเทน 95 (Gasohol 95-E10),25 Jul 05:00,28.05
2019-07-27,ปตท,แก๊สโซฮอล ออกเทน 95 (Gasohol 95-E10),25 Jul 05:00,28.05
2019-07-27,บางจาก,แก๊สโซฮอล ออกเทน 95 (Gasohol 95-E10),25 Jul 05:00,28.05
2019-07-27,เชลล์,แก๊สโซฮอล ออกเทน 95 (Gasohol 95-E10),25 Jul 05:00,28.05
2019-07-28,ปตท,แก๊สโซฮอล ออกเทน 95 (Gasohol 95-E10),25 Jul 05:00,28.05
2019-07-28,บางจาก,แก๊สโซฮอล ออกเทน 95 (Gasohol 95-E10),25 Jul 05:00,28.05
2019-07-28,เชลล์,แก๊สโซฮอล ออกเทน 95 (Gasohol 95-E10),25 Jul 05:00,28.05
2019-07-29,ปตท,แก๊สโซฮอล ออกเทน 95 (Gasohol 95-E10),25 Jul 05:00,28.05
2019-07-29,บางจาก,แก๊สโซฮอล ออกเทน 95 (Gasohol 95-E10),25 Jul 05:00,28.05
2019-07-29,เชลล์,แก๊สโซฮอล ออกเทน 95 (Gasohol 95-E10),25 Jul 05:00,28.05
2019-07-30,ปตท,แก๊สโซฮอล ออกเทน 95 (Gasohol 95-E10),25 Jul 05:00,28.05
2019-07-30,บางจาก,แก๊สโซฮอล ออกเทน 95 (Gasohol 95-E10),25 Jul 05:00,28.05
2019-07-30,เชลล์,แก๊สโซฮอล ออกเทน 95 (Gasohol 95-E10),25 Jul 05:00,28.05
2019-07-31,ปตท,แก๊สโซฮอล ออกเทน 95 (Gasohol 95-E10),25 Jul 05:00,28.05
2019-07-31,บางจาก,แก๊สโซฮอล ออกเทน 95 (Gasohol 95-E10),25 Jul 05:00,28.05
2019-07-31,เชลล์,แก๊สโซฮอล ออกเทน 95 (Gasohol 95-E10),25 Jul 05:00,28.05
2019-08-01,ปตท,แก๊สโซฮอล ออกเทน 95 (Gasohol 95-E10),25 Jul 05:00,28.05
2019-08-01,บางจาก,แก๊สโซฮอล ออกเทน 95 (Gasohol 95-E10),25 Jul 05:00,28.05
2019-08-01,เชลล์,แก๊สโซฮอล ออกเทน 95 (Gasohol 95-E10),25 Jul 05:00,28.05
2019-08-02,ปตท,แก๊สโซฮอล ออกเทน 95 (Gasohol 95-E10),25 Jul 05:00,28.05
2019-08-02,บางจาก,แก๊สโซฮอล ออกเทน 95 (Gasohol 95-E10),25 Jul 05:00,28.05
2019-08-02,เชลล์,แก๊สโซฮอล ออกเทน 95 (Gasohol 95-E10),25 Jul 05:00,28.05
2019-08-03,ปตท,แก๊สโซฮอล ออกเทน 95 (Gasohol 95-E10),25 Jul 05:00,28.05
2019-08-03,บางจาก,แก๊สโซฮอล ออกเทน 95 (Gasohol 95-E10),25 Jul 05:00,28.05
2019-08-03,เชลล์,แก๊สโซฮอล ออกเทน 95 (Gasohol 95-E10),25 Jul 05:00,28.05
2019-08-04,ปตท,แก๊สโซฮอล ออกเทน 95 (Gasohol 95-E10),25 Jul 05:00,28.05
2019-08-04,บางจาก,แก๊สโซฮอล ออกเทน 95 (Gasohol 95-E10),25 Jul 05:00,28.05
2019-08-04,เชลล์,แก๊สโซฮอล ออกเทน 95 (Gasohol 95-E10),25 Jul 05:00,28.05
2019-08-05,ปตท,แก๊สโซฮอล ออกเทน 95 (Gasohol 95-E10),25 Jul 05:00,28.05
2019-08-05,บางจาก,แก๊สโซฮอล ออกเทน 95 (Gasohol 95-E10),25 Jul 05:00,28.05
2019-08-05,เชลล์,แก๊สโซฮอล ออกเทน 95 (Gasohol 95-E10),25 Jul 05:00,28.05
2019-08-06,ปตท,แก๊สโซฮอล ออกเทน 95 (Gasohol 95-E10),25 Jul 05:00,28.05
2019-08-06,บางจาก,แก๊สโซฮอล ออกเทน 95 (Gasohol 95-E10),25 Jul 05:00,28.05
2019-08-06,เชลล์,แก๊สโซฮอล ออกเทน 95 (Gasohol 95-E10),25 Jul 05:00,28.05
2019-08-07,ปตท,แก๊สโซฮอล ออกเทน 95 (Gasohol 95-E10),06 Aug 05:00,27.55
2019-08-07,บางจาก,แก๊สโซฮอล ออกเทน 95 (Gasohol 95-E10),06 Aug 05:00,27.55
2019-08-07,เชลล์,แก๊สโซฮอล ออกเทน 95 (Gasohol 95-E10),06 Aug 05:00,27.55
2019-08-08,ปตท,แก๊สโซฮอล ออกเทน 95 (Gasohol 95-E10),06 Aug 05:00,27.55
2019-08-08,บางจาก,แก๊สโซฮอล ออกเทน 95 (Gasohol 95-E10),06 Aug 05:00,27.55
2019-08-08,เชลล์,แก๊สโซฮอล ออกเทน 95 (Gasohol 95-E10),06 Aug 05:00,27.55
2019-08-09,ปตท,แก๊สโซฮอล ออกเทน 95 (Gasohol 95-E10),06 Aug 05:00,27.55
2019-08-09,บางจาก,แก๊สโซฮอล ออกเทน 95 (Gasohol 95-E10),06 Aug 05:00,27.55
2019-08-09,เชลล์,แก๊สโซฮอล ออกเทน 95 (Gasohol 95-E10),06 Aug 05:00,27.55
2019-08-10,ปตท,แก๊สโซฮอล ออกเทน 95 (Gasohol 95-E10),09 Aug 05:00,27.25
2019-08-10,บางจาก,แก๊สโซฮอล ออกเทน 95 (Gasohol 95-E10),09 Aug 05:00,27.25
2019-08-10,เชลล์,แก๊สโซฮอล ออกเทน 95 (Gasohol 95-E10),09 Aug 05:00,27.25
2019-08-11,ปตท,แก๊สโซฮอล ออกเทน 95 (Gasohol 95-E10),10 Aug 05:00,27.25
2019-08-11,บางจาก,แก๊สโซฮอล ออกเทน 95 (Gasohol 95-E10),10 Aug 05:00,27.25
2019-08-11,เชลล์,แก๊สโซฮอล ออกเทน 95 (Gasohol 95-E10),10 Aug 05:00,27.25
2019-08-12,ปตท,แก๊สโซฮอล ออกเทน 95 (Gasohol 95-E10),10 Aug 05:00,27.25
2019-08-12,บางจาก,แก๊สโซฮอล ออกเทน 95 (Gasohol 95-E10),10 Aug 05:00,27.25
2019-08-12,เชลล์,แก๊สโซฮอล ออกเทน 95 (Gasohol 95-E10),10 Aug 05:00,27.25
2019-08-13,ปตท,แก๊สโซฮอล ออกเทน 95 (Gasohol 95-E10),10 Aug 05:00,27.25
2019-08-13,บางจาก,แก๊สโซฮอล ออกเทน 95 (Gasohol 95-E10),10 Aug 05:00,27.25
2019-08-13,เชลล์,แก๊สโซฮอล ออกเทน 95 (Gasohol 95-E10),10 Aug 05:00,27.25
2019-08-14,ปตท,แก๊สโซฮอล ออกเทน 95 (Gasohol 95-E10),10 Aug 05:00,27.25
2019-08-14,บางจาก,แก๊สโซฮอล ออกเทน 95 (Gasohol 95-E10),10 Aug 05:00,27.25
2019-08-14,เชลล์,แก๊สโซฮอล ออกเทน 95 (Gasohol 95-E10),10 Aug 05:00,27.25
2019-08-15,ปตท,แก๊สโซฮอล ออกเทน 95 (Gasohol 95-E10),10 Aug 05:00,27.25
2019-08-15,บางจาก,แก๊สโซฮอล ออกเทน 95 (Gasohol 95-E10),10 Aug 05:00,27.25
2019-08-15,เชลล์,แก๊สโซฮอล ออกเทน 95 (Gasohol 95-E10),10 Aug 05:00,27.25
2019-08-16,ปตท,แก๊สโซฮอล ออกเทน 95 (Gasohol 95-E10),10 Aug 05:00,27.25
2019-08-16,บางจาก,แก๊สโซฮอล ออกเทน 95 (Gasohol 95-E10),10 Aug 05:00,27.25
2019-08-16,เชลล์,แก๊สโซฮอล ออกเทน 95 (Gasohol 95-E10),10 Aug 05:00,27.25
2019-08-17,ปตท,แก๊สโซฮอล ออกเทน 95 (Gasohol 95-E10),16 Aug 05:00,27.75
2019-08-17,บางจาก,แก๊สโซฮอล ออกเทน 95 (Gasohol 95-E10),16 Aug 05:00,27.75
2019-08-17,เชลล์,แก๊สโซฮอล ออกเทน 95 (Gasohol 95-E10),16 Aug 05:00,27.75
2019-08-18,ปตท,แก๊สโซฮอล ออกเทน 95 (Gasohol 95-E10),16 Aug 05:00,27.75
2019-08-18,บางจาก,แก๊สโซฮอล ออกเทน 95 (Gasohol 95-E10),16 Aug 05:00,27.75
2019-08-18,เชลล์,แก๊สโซฮอล ออกเทน 95 (Gasohol 95-E10),16 Aug 05:00,27.75
2019-08-19,ปตท,แก๊สโซฮอล ออกเทน 95 (Gasohol 95-E10),16 Aug 05:00,27.75
2019-08-19,บางจาก,แก๊สโซฮอล ออกเทน 95 (Gasohol 95-E10),16 Aug 05:00,27.75
2019-08-19,เชลล์,แก๊สโซฮอล ออกเทน 95 (Gasohol 95-E10),16 Aug 05:00,27.75
2019-08-20,ปตท,แก๊สโซฮอล ออกเทน 95 (Gasohol 95-E10),16 Aug 05:00,27.75
2019-08-20,บางจาก,แก๊สโซฮอล ออกเทน 95 (Gasohol 95-E10),16 Aug 05:00,27.75
2019-08-20,เชลล์,แก๊สโซฮอล ออกเทน 95 (Gasohol 95-E10),16 Aug 05:00,27.75
2019-08-21,ปตท,แก๊สโซฮอล ออกเทน 95 (Gasohol 95-E10),16 Aug 05:00,27.75
2019-08-21,บางจาก,แก๊สโซฮอล ออกเทน 95 (Gasohol 95-E10),16 Aug 05:00,27.75
2019-08-21,เชลล์,แก๊สโซฮอล ออกเทน 95 (Gasohol 95-E10),16 Aug 05:00,27.75
2019-08-22,ปตท,แก๊สโซฮอล ออกเทน 95 (Gasohol 95-E10),21 Aug 05:00,27.35
2019-08-22,บางจาก,แก๊สโซฮอล ออกเทน 95 (Gasohol 95-E10),21 Aug 05:00,27.35
2019-08-22,เชลล์,แก๊สโซฮอล ออกเทน 95 (Gasohol 95-E10),21 Aug 05:00,27.35
2019-08-23,ปตท,แก๊สโซฮอล ออกเทน 95 (Gasohol 95-E10),21 Aug 05:00,27.35
2019-08-23,บางจาก,แก๊สโซฮอล ออกเทน 95 (Gasohol 95-E10),21 Aug 05:00,27.35
2019-08-23,เชลล์,แก๊สโซฮอล ออกเทน 95 (Gasohol 95-E10),21 Aug 05:00,27.35
2019-08-24,ปตท,แก๊สโซฮอล ออกเทน 95 (Gasohol 95-E10),21 Aug 05:00,27.35
2019-08-24,บางจาก,แก๊สโซฮอล ออกเทน 95 (Gasohol 95-E10),21 Aug 05:00,27.35
2019-08-24,เชลล์,แก๊สโซฮอล ออกเทน 95 (Gasohol 95-E10),21 Aug 05:00,27.35
2019-08-25,ปตท,แก๊สโซฮอล ออกเทน 95 (Gasohol 95-E10),21 Aug 05:00,27.35
2019-08-25,บางจาก,แก๊สโซฮอล ออกเทน 95 (Gasohol 95-E10),21 Aug 05:00,27.35
2019-08-25,เชลล์,แก๊สโซฮอล ออกเทน 95 (Gasohol 95-E10),21 Aug 05:00,27.35
2019-08-26,ปตท,แก๊สโซฮอล ออกเทน 95 (Gasohol 95-E10),21 Aug 05:00,27.35
2019-08-26,บางจาก,แก๊สโซฮอล ออกเทน 95 (Gasohol 95-E10),21 Aug 05:00,27.35
2019-08-26,เชลล์,แก๊สโซฮอล ออกเทน 95 (Gasohol 95-E10),21 Aug 05:00,27.35
2019-08-27,ปตท,แก๊สโซฮอล ออกเทน 95 (Gasohol 95-E10),21 Aug 05:00,27.35
2019-08-27,บางจาก,แก๊สโซฮอล ออกเทน 95 (Gasohol 95-E10),21 Aug 05:00,27.35
2019-08-27,เชลล์,แก๊สโซฮอล ออกเทน 95 (Gasohol 95-E10),21 Aug 05:00,27.35
2019-08-28,ปตท,แก๊สโซฮอล ออกเทน 95 (Gasohol 95-E10),21 Aug 05:00,27.35
2019-08-28,บางจาก,แก๊สโซฮอล ออกเทน 95 (Gasohol 95-E10),21 Aug 05:00,27.35
2019-08-28,เชลล์,แก๊สโซฮอล ออกเทน 95 (Gasohol 95-E10),21 Aug 05:00,27.35
2019-08-29,ปตท,แก๊สโซฮอล ออกเทน 95 (Gasohol 95-E10),21 Aug 05:00,27.35
2019-08-29,บางจาก,แก๊สโซฮอล ออกเทน 95 (Gasohol 95-E10),21 Aug 05:00,27.35
2019-08-29,เชลล์,แก๊สโซฮอล ออกเทน 95 (Gasohol 95-E10),21 Aug 05:00,27.35
2019-08-30,ปตท,แก๊สโซฮอล ออกเทน 95 (Gasohol 95-E10),21 Aug 05:00,27.35
2019-08-30,บางจาก,แก๊สโซฮอล ออกเทน 95 (Gasohol 95-E10),21 Aug 05:00,27.35
2019-08-30,เชลล์,แก๊สโซฮอล ออกเทน 95 (Gasohol 95-E10),21 Aug 05:00,27.35
2019-08-31,ปตท,แก๊สโซฮอล ออกเทน 95 (Gasohol 95-E10),21 Aug 05:00,27.35
2019-08-31,บางจาก,แก๊สโซฮอล ออกเทน 95 (Gasohol 95-E10),21 Aug 05:00,27.35
2019-08-31,เชลล์,แก๊สโซฮอล ออกเทน 95 (Gasohol 95-E10),21 Aug 05:00,27.35
2019-09-01,ปตท,แก๊สโซฮอล ออกเทน 95 (Gasohol 95-E10),21 Aug 05:00,27.35
2019-09-01,บางจาก,แก๊สโซฮอล ออกเทน 95 (Gasohol 95-E10),21 Aug 05:00,27.35
2019-09-01,เชลล์,แก๊สโซฮอล ออกเทน 95 (Gasohol 95-E10),21 Aug 05:00,27.35
2019-09-02,ปตท,แก๊สโซฮอล ออกเทน 95 (Gasohol 95-E10),21 Aug 05:00,27.35
2019-09-02,บางจาก,แก๊สโซฮอล ออกเทน 95 (Gasohol 95-E10),21 Aug 05:00,27.35
2019-09-02,เชลล์,แก๊สโซฮอล ออกเทน 95 (Gasohol 95-E10),21 Aug 05:00,27.35
2019-09-03,ปตท,แก๊สโซฮอล ออกเทน 95 (Gasohol 95-E10),21 Aug 05:00,27.35
2019-09-03,บางจาก,แก๊สโซฮอล ออกเทน 95 (Gasohol 95-E10),21 Aug 05:00,27.35
2019-09-03,เชลล์,แก๊สโซฮอล ออกเทน 95 (Gasohol 95-E10),21 Aug 05:00,27.35
2019-09-04,ปตท,แก๊สโซฮอล ออกเทน 95 (Gasohol 95-E10),21 Aug 05:00,27.35
2019-09-04,บางจาก,แก๊สโซฮอล ออกเทน 95 (Gasohol 95-E10),21 Aug 05:00,27.35
2019-09-04,เชลล์,แก๊สโซฮอล ออกเทน 95 (Gasohol 95-E10),21 Aug 05:00,27.35
2019-09-05,ปตท,แก๊สโซฮอล ออกเทน 95 (Gasohol 95-E10),21 Aug 05:00,27.35
2019-09-05,บางจาก,แก๊สโซฮอล ออกเทน 95 (Gasohol 95-E10),21 Aug 05:00,27.35
2019-09-05,เชลล์,แก๊สโซฮอล ออกเทน 95 (Gasohol 95-E10),21 Aug 05:00,27.35
2019-09-06,ปตท,แก๊สโซฮอล ออกเทน 95 (Gasohol 95-E10),05 Sep 05:00,26.95
2019-09-06,บางจาก,แก๊สโซฮอล ออกเทน 95 (Gasohol 95-E10),05 Sep 05:00,26.95
2019-09-06,เชลล์,แก๊สโซฮอล ออกเทน 95 (Gasohol 95-E10),05 Sep 05:00,26.95
2019-09-07,ปตท,แก๊สโซฮอล ออกเทน 95 (Gasohol 95-E10),05 Sep 05:00,26.95
2019-09-07,บางจาก,แก๊สโซฮอล ออกเทน 95 (Gasohol 95-E10),05 Sep 05:00,26.95
2019-09-07,เชลล์,แก๊สโซฮอล ออกเทน 95 (Gasohol 95-E10),05 Sep 05:00,26.95
2019-09-08,ปตท,แก๊สโซฮอล ออกเทน 95 (Gasohol 95-E10),07 Sep 05:00,27.35
2019-09-08,บางจาก,แก๊สโซฮอล ออกเทน 95 (Gasohol 95-E10),07 Sep 05:00,27.35
2019-09-08,เชลล์,แก๊สโซฮอล ออกเทน 95 (Gasohol 95-E10),07 Sep 05:00,27.35
2019-09-09,ปตท,แก๊สโซฮอล ออกเทน 95 (Gasohol 95-E10),07 Sep 05:00,27.35
2019-09-09,บางจาก,แก๊สโซฮอล ออกเทน 95 (Gasohol 95-E10),07 Sep 05:00,27.35
2019-09-09,เชลล์,แก๊สโซฮอล ออกเทน 95 (Gasohol 95-E10),07 Sep 05:00,27.35
2019-09-10,ปตท,แก๊สโซฮอล ออกเทน 95 (Gasohol 95-E10),07 Sep 05:00,27.35
2019-09-10,บางจาก,แก๊สโซฮอล ออกเทน 95 (Gasohol 95-E10),07 Sep 05:00,27.35
2019-09-10,เชลล์,แก๊สโซฮอล ออกเทน 95 (Gasohol 95-E10),07 Sep 05:00,27.35
2019-09-11,ปตท,แก๊สโซฮอล ออกเทน 95 (Gasohol 95-E10),07 Sep 05:00,27.35
2019-09-11,บางจาก,แก๊สโซฮอล ออกเทน 95 (Gasohol 95-E10),07 Sep 05:00,27.35
2019-09-11,เชลล์,แก๊สโซฮอล ออกเทน 95 (Gasohol 95-E10),07 Sep 05:00,27.35
2019-09-12,ปตท,แก๊สโซฮอล ออกเทน 95 (Gasohol 95-E10),11 Sep 05:00,27.65
2019-09-12,บางจาก,แก๊สโซฮอล ออกเทน 95 (Gasohol 95-E10),11 Sep 05:00,27.65
2019-09-12,เชลล์,แก๊สโซฮอล ออกเทน 95 (Gasohol 95-E10),11 Sep 05:00,27.65
2019-09-13,ปตท,แก๊สโซฮอล ออกเทน 95 (Gasohol 95-E10),11 Sep 05:00,27.65
2019-09-13,บางจาก,แก๊สโซฮอล ออกเทน 95 (Gasohol 95-E10),11 Sep 05:00,27.65
2019-09-13,เชลล์,แก๊สโซฮอล ออกเทน 95 (Gasohol 95-E10),11 Sep 05:00,27.65
2019-09-14,ปตท,แก๊สโซฮอล ออกเทน 95 (Gasohol 95-E10),11 Sep 05:00,27.65
2019-09-14,บางจาก,แก๊สโซฮอล ออกเทน 95 (Gasohol 95-E10),11 Sep 05:00,27.65
2019-09-14,เชลล์,แก๊สโซฮอล ออกเทน 95 (Gasohol 95-E10),11 Sep 05:00,27.65
2019-09-15,ปตท,แก๊สโซฮอล ออกเทน 95 (Gasohol 95-E10),11 Sep 05:00,27.65
2019-09-15,บางจาก,แก๊สโซฮอล ออกเทน 95 (Gasohol 95-E10),11 Sep 05:00,27.65
2019-09-15,เชลล์,แก๊สโซฮอล ออกเทน 95 (Gasohol 95-E10),11 Sep 05:00,27.65
2019-09-16,ปตท,แก๊สโซฮอล ออกเทน 95 (Gasohol 95-E10),11 Sep 05:00,27.65
2019-09-16,บางจาก,แก๊สโซฮอล ออกเทน 95 (Gasohol 95-E10),11 Sep 05:00,27.65
2019-09-16,เชลล์,แก๊สโซฮอล ออกเทน 95 (Gasohol 95-E10),11 Sep 05:00,27.65
2019-09-17,ปตท,แก๊สโซฮอล ออกเทน 95 (Gasohol 95-E10),11 Sep 05:00,27.65
2019-09-17,บางจาก,แก๊สโซฮอล ออกเทน 95 (Gasohol 95-E10),11 Sep 05:00,27.65
2019-09-17,เชลล์,แก๊สโซฮอล ออกเทน 95 (Gasohol 95-E10),11 Sep 05:00,27.65
2019-09-18,ปตท,แก๊สโซฮอล ออกเทน 95 (Gasohol 95-E10),11 Sep 05:00,27.65
2019-09-18,บางจาก,แก๊สโซฮอล ออกเทน 95 (Gasohol 95-E10),11 Sep 05:00,27.65
2019-09-18,เชลล์,แก๊สโซฮอล ออกเทน 95 (Gasohol 95-E10),11 Sep 05:00,27.65
2019-09-19,ปตท,แก๊สโซฮอล ออกเทน 95 (Gasohol 95-E10),11 Sep 05:00,27.65
2019-09-19,บางจาก,แก๊สโซฮอล ออกเทน 95 (Gasohol 95-E10),11 Sep 05:00,27.65
2019-09-19,เชลล์,แก๊สโซฮอล ออกเทน 95 (Gasohol 95-E10),11 Sep 05:00,27.65
2019-09-20,ปตท,แก๊สโซฮอล ออกเทน 95 (Gasohol 95-E10),11 Sep 05:00,27.65
2019-09-20,บางจาก,แก๊สโซฮอล ออกเทน 95 (Gasohol 95-E10),11 Sep 05:00,27.65
2019-09-20,เชลล์,แก๊สโซฮอล ออกเทน 95 (Gasohol 95-E10),11 Sep 05:00,27.65
2019-09-21,ปตท,แก๊สโซฮอล ออกเทน 95 (Gasohol 95-E10),11 Sep 05:00,27.65
2019-09-21,บางจาก,แก๊สโซฮอล ออกเทน 95 (Gasohol 95-E10),11 Sep 05:00,27.65
2019-09-21,เชลล์,แก๊สโซฮอล ออกเทน 95 (Gasohol 95-E10),11 Sep 05:00,27.65
2019-09-22,ปตท,แก๊สโซฮอล ออกเทน 95 (Gasohol 95-E10),21 Sep 05:00,27.95
2019-09-22,บางจาก,แก๊สโซฮอล ออกเทน 95 (Gasohol 95-E10),21 Sep 05:00,27.95
2019-09-22,เชลล์,แก๊สโซฮอล ออกเทน 95 (Gasohol 95-E10),21 Sep 05:00,27.95
2019-09-23,ปตท,แก๊สโซฮอล ออกเทน 95 (Gasohol 95-E10),21 Sep 05:00,27.95
2019-09-23,บางจาก,แก๊สโซฮอล ออกเทน 95 (Gasohol 95-E10),21 Sep 05:00,27.95
2019-09-23,เชลล์,แก๊สโซฮอล ออกเทน 95 (Gasohol 95-E10),21 Sep 05:00,27.95
2019-09-24,ปตท,แก๊สโซฮอล ออกเทน 95 (Gasohol 95-E10),21 Sep 05:00,27.95
2019-09-24,บางจาก,แก๊สโซฮอล ออกเทน 95 (Gasohol 95-E10),21 Sep 05:00,27.95
2019-09-24,เชลล์,แก๊สโซฮอล ออกเทน 95 (Gasohol 95-E10),21 Sep 05:00,27.95
2019-09-25,ปตท,แก๊สโซฮอล ออกเทน 95 (Gasohol 95-E10),21 Sep 05:00,27.95
2019-09-25,บางจาก,แก๊สโซฮอล ออกเทน 95 (Gasohol 95-E10),21 Sep 05:00,27.95
2019-09-25,เชลล์,แก๊สโซฮอล ออกเทน 95 (Gasohol 95-E10),21 Sep 05:00,27.95
2019-09-26,ปตท,แก๊สโซฮอล ออกเทน 95 (Gasohol 95-E10),21 Sep 05:00,27.95
2019-09-26,บางจาก,แก๊สโซฮอล ออกเทน 95 (Gasohol 95-E10),21 Sep 05:00,27.95
2019-09-26,เชลล์,แก๊สโซฮอล ออกเทน 95 (Gasohol 95-E10),21 Sep 05:00,27.95
2019-09-27,ปตท,แก๊สโซฮอล ออกเทน 95 (Gasohol 95-E10),21 Sep 05:00,27.95
2019-09-27,บางจาก,แก๊สโซฮอล ออกเทน 95 (Gasohol 95-E10),21 Sep 05:00,27.95
2019-09-27,เชลล์,แก๊สโซฮอล ออกเทน 95 (Gasohol 95-E10),21 Sep 05:00,27.95
2019-09-28,ปตท,แก๊สโซฮอล ออกเทน 95 (Gasohol 95-E10),27 Sep 05:00,27.55
2019-09-28,บางจาก,แก๊สโซฮอล ออกเทน 95 (Gasohol 95-E10),27 Sep 05:00,27.55
2019-09-28,เชลล์,แก๊สโซฮอล ออกเทน 95 (Gasohol 95-E10),27 Sep 05:00,27.55
2019-09-29,ปตท,แก๊สโซฮอล ออกเทน 95 (Gasohol 95-E10),27 Sep 05:00,27.55
2019-09-29,บางจาก,แก๊สโซฮอล ออกเทน 95 (Gasohol 95-E10),27 Sep 05:00,27.55
2019-09-29,เชลล์,แก๊สโซฮอล ออกเทน 95 (Gasohol 95-E10),27 Sep 05:00,27.55
2019-09-30,ปตท,แก๊สโซฮอล ออกเทน 95 (Gasohol 95-E10),27 Sep 05:00,27.55
2019-09-30,บางจาก,แก๊สโซฮอล ออกเทน 95 (Gasohol 95-E10),27 Sep 05:00,27.55
2019-09-30,เชลล์,แก๊สโซฮอล ออกเทน 95 (Gasohol 95-E10),27 Sep 05:00,27.55
2019-10-01,ปตท,แก๊สโซฮอล ออกเทน 95 (Gasohol 95-E10),27 Sep 05:00,27.55
2019-10-01,บางจาก,แก๊สโซฮอล ออกเทน 95 (Gasohol 95-E10),27 Sep 05:00,27.55
2019-10-01,เชลล์,แก๊สโซฮอล ออกเทน 95 (Gasohol 95-E10),27 Sep 05:00,27.55
2019-10-02,ปตท,แก๊สโซฮอล ออกเทน 95 (Gasohol 95-E10),01 Oct 05:00,27.15
2019-10-02,บางจาก,แก๊สโซฮอล ออกเทน 95 (Gasohol 95-E10),01 Oct 05:00,27.15
2019-10-02,เชลล์,แก๊สโซฮอล ออกเทน 95 (Gasohol 95-E10),01 Oct 05:00,27.15
2019-10-03,ปตท,แก๊สโซฮอล ออกเทน 95 (Gasohol 95-E10),01 Oct 05:00,27.15
2019-10-03,บางจาก,แก๊สโซฮอล ออกเทน 95 (Gasohol 95-E10),01 Oct 05:00,27.15
2019-10-03,เชลล์,แก๊สโซฮอล ออกเทน 95 (Gasohol 95-E10),01 Oct 05:00,27.15
2019-10-04,ปตท,แก๊สโซฮอล ออกเทน 95 (Gasohol 95-E10),01 Oct 05:00,27.15
2019-10-04,บางจาก,แก๊สโซฮอล ออกเทน 95 (Gasohol 95-E10),01 Oct 05:00,27.15
2019-10-04,เชลล์,แก๊สโซฮอล ออกเทน 95 (Gasohol 95-E10),01 Oct 05:00,27.15
2019-10-05,ปตท,แก๊สโซฮอล ออกเทน 95 (Gasohol 95-E10),04 Oct 05:00,26.85
2019-10-05,บางจาก,แก๊สโซฮอล ออกเทน 95 (Gasohol 95-E10),04 Oct 05:00,26.85
2019-10-05,เชลล์,แก๊สโซฮอล ออกเทน 95 (Gasohol 95-E10),04 Oct 05:00,26.85
2019-10-06,ปตท,แก๊สโซฮอล ออกเทน 95 (Gasohol 95-E10),04 Oct 05:00,26.85
2019-10-06,บางจาก,แก๊สโซฮอล ออกเทน 95 (Gasohol 95-E10),04 Oct 05:00,26.85
2019-10-06,เชลล์,แก๊สโซฮอล ออกเทน 95 (Gasohol 95-E10),04 Oct 05:00,26.85
2019-10-07,ปตท,แก๊สโซฮอล ออกเทน 95 (Gasohol 95-E10),04 Oct 05:00,26.85
2019-10-07,บางจาก,แก๊สโซฮอล ออกเทน 95 (Gasohol 95-E10),04 Oct 05:00,26.85
2019-10-07,เชลล์,แก๊สโซฮอล ออกเทน 95 (Gasohol 95-E10),04 Oct 05:00,26.85
2019-10-08,ปตท,แก๊สโซฮอล ออกเทน 95 (Gasohol 95-E10),04 Oct 05:00,26.85
2019-10-08,บางจาก,แก๊สโซฮอล ออกเทน 95 (Gasohol 95-E10),04 Oct 05:00,26.85
2019-10-08,เชลล์,แก๊สโซฮอล ออกเทน 95 (Gasohol 95-E10),04 Oct 05:00,26.85
2019-10-09,ปตท,แก๊สโซฮอล ออกเทน 95 (Gasohol 95-E10),04 Oct 05:00,26.85
2019-10-09,บางจาก,แก๊สโซฮอล ออกเทน 95 (Gasohol 95-E10),04 Oct 05:00,26.85
2019-10-09,เชลล์,แก๊สโซฮอล ออกเทน 95 (Gasohol 95-E10),04 Oct 05:00,26.85
2019-10-10,ปตท,แก๊สโซฮอล ออกเทน 95 (Gasohol 95-E10),09 Oct 05:00,27.25
2019-10-10,บางจาก,แก๊สโซฮอล ออกเทน 95 (Gasohol 95-E10),09 Oct 05:00,27.25
2019-10-10,เชลล์,แก๊สโซฮอล ออกเทน 95 (Gasohol 95-E10),09 Oct 05:00,27.25
2019-10-11,ปตท,แก๊สโซฮอล ออกเทน 95 (Gasohol 95-E10),09 Oct 05:00,27.25
2019-10-11,บางจาก,แก๊สโซฮอล ออกเทน 95 (Gasohol 95-E10),09 Oct 05:00,27.25
2019-10-11,เชลล์,แก๊สโซฮอล ออกเทน 95 (Gasohol 95-E10),09 Oct 05:00,27.25
2019-10-12,ปตท,แก๊สโซฮอล ออกเทน 95 (Gasohol 95-E10),09 Oct 05:00,27.25
2019-10-12,บางจาก,แก๊สโซฮอล ออกเทน 95 (Gasohol 95-E10),09 Oct 05:00,27.25
2019-10-12,เชลล์,แก๊สโซฮอล ออกเทน 95 (Gasohol 95-E10),11 Oct 05:00,27.25
2019-10-13,ปตท,แก๊สโซฮอล ออกเทน 95 (Gasohol 95-E10),09 Oct 05:00,27.25
2019-10-13,บางจาก,แก๊สโซฮอล ออกเทน 95 (Gasohol 95-E10),09 Oct 05:00,27.25
2019-10-13,เชลล์,แก๊สโซฮอล ออกเทน 95 (Gasohol 95-E10),11 Oct 05:00,27.25
2019-10-14,ปตท,แก๊สโซฮอล ออกเทน 95 (Gasohol 95-E10),09 Oct 05:00,27.25
2019-10-14,บางจาก,แก๊สโซฮอล ออกเทน 95 (Gasohol 95-E10),09 Oct 05:00,27.25
2019-10-14,เชลล์,แก๊สโซฮอล ออกเทน 95 (Gasohol 95-E10),11 Oct 05:00,27.25
2019-10-15,ปตท,แก๊สโซฮอล ออกเทน 95 (Gasohol 95-E10),09 Oct 05:00,27.25
2019-10-15,บางจาก,แก๊สโซฮอล ออกเทน 95 (Gasohol 95-E10),09 Oct 05:00,27.25
2019-10-15,เชลล์,แก๊สโซฮอล ออกเทน 95 (Gasohol 95-E10),11 Oct 05:00,27.25
2019-10-16,ปตท,แก๊สโซฮอล ออกเทน 95 (Gasohol 95-E10),09 Oct 05:00,27.25
2019-10-16,บางจาก,แก๊สโซฮอล ออกเทน 95 (Gasohol 95-E10),09 Oct 05:00,27.25
2019-10-16,เชลล์,แก๊สโซฮอล ออกเทน 95 (Gasohol 95-E10),11 Oct 05:00,27.25
2019-10-17,ปตท,แก๊สโซฮอล ออกเทน 95 (Gasohol 95-E10),09 Oct 05:00,27.25
2019-10-17,บางจาก,แก๊สโซฮอล ออกเทน 95 (Gasohol 95-E10),09 Oct 05:00,27.25
2019-10-17,เชลล์,แก๊สโซฮอล ออกเทน 95 (Gasohol 95-E10),11 Oct 05:00,27.25
2019-10-18,ปตท,แก๊สโซฮอล ออกเทน 95 (Gasohol 95-E10),09 Oct 05:00,27.25
2019-10-18,บางจาก,แก๊สโซฮอล ออกเทน 95 (Gasohol 95-E10),09 Oct 05:00,27.25
2019-10-18,เชลล์,แก๊สโซฮอล ออกเทน 95 (Gasohol 95-E10),11 Oct 05:00,27.25
2019-10-19,ปตท,แก๊สโซฮอล ออกเทน 95 (Gasohol 95-E10),09 Oct 05:00,27.25
2019-10-19,บางจาก,แก๊สโซฮอล ออกเทน 95 (Gasohol 95-E10),09 Oct 05:00,27.25
2019-10-19,เชลล์,แก๊สโซฮอล ออกเทน 95 (Gasohol 95-E10),11 Oct 05:00,27.25
2019-10-20,ปตท,แก๊สโซฮอล ออกเทน 95 (Gasohol 95-E10),19 Oct 05:00,26.85
2019-10-20,บางจาก,แก๊สโซฮอล ออกเทน 95 (Gasohol 95-E10),19 Oct 05:00,26.85
2019-10-20,เชลล์,แก๊สโซฮอล ออกเทน 95 (Gasohol 95-E10),19 Oct 05:00,26.85
2019-10-21,ปตท,แก๊สโซฮอล ออกเทน 95 (Gasohol 95-E10),19 Oct 05:00,26.85
2019-10-21,บางจาก,แก๊สโซฮอล ออกเทน 95 (Gasohol 95-E10),19 Oct 05:00,26.85
2019-10-21,เชลล์,แก๊สโซฮอล ออกเทน 95 (Gasohol 95-E10),19 Oct 05:00,26.85
2019-10-22,ปตท,แก๊สโซฮอล ออกเทน 95 (Gasohol 95-E10),19 Oct 05:00,26.85
2019-10-22,บางจาก,แก๊สโซฮอล ออกเทน 95 (Gasohol 95-E10),19 Oct 05:00,26.85
2019-10-22,เชลล์,แก๊สโซฮอล ออกเทน 95 (Gasohol 95-E10),19 Oct 05:00,26.85
2019-10-23,ปตท,แก๊สโซฮอล ออกเทน 95 (Gasohol 95-E10),19 Oct 05:00,26.85
2019-10-23,บางจาก,แก๊สโซฮอล ออกเทน 95 (Gasohol 95-E10),19 Oct 05:00,26.85
2019-10-23,เชลล์,แก๊สโซฮอล ออกเทน 95 (Gasohol 95-E10),19 Oct 05:00,26.85
2019-10-24,ปตท,แก๊สโซฮอล ออกเทน 95 (Gasohol 95-E10),19 Oct 05:00,26.85
2019-10-24,บางจาก,แก๊สโซฮอล ออกเทน 95 (Gasohol 95-E10),19 Oct 05:00,26.85
2019-10-24,เชลล์,แก๊สโซฮอล ออกเทน 95 (Gasohol 95-E10),19 Oct 05:00,26.85
2019-10-25,ปตท,แก๊สโซฮอล ออกเทน 95 (Gasohol 95-E10),19 Oct 05:00,26.85
2019-10-25,บางจาก,แก๊สโซฮอล ออกเทน 95 (Gasohol 95-E10),19 Oct 05:00,26.85
2019-10-25,เชลล์,แก๊สโซฮอล ออกเทน 95 (Gasohol 95-E10),19 Oct 05:00,26.85
2019-10-26,ปตท,แก๊สโซฮอล ออกเทน 95 (Gasohol 95-E10),25 Oct 05:00,26.55
2019-10-26,บางจาก,แก๊สโซฮอล ออกเทน 95 (Gasohol 95-E10),25 Oct 05:00,26.55
2019-10-26,เชลล์,แก๊สโซฮอล ออกเทน 95 (Gasohol 95-E10),25 Oct 05:00,26.55
2019-10-27,ปตท,แก๊สโซฮอล ออกเทน 95 (Gasohol 95-E10),25 Oct 05:00,26.55
2019-10-27,บางจาก,แก๊สโซฮอล ออกเทน 95 (Gasohol 95-E10),25 Oct 05:00,26.55
2019-10-27,เชลล์,แก๊สโซฮอล ออกเทน 95 (Gasohol 95-E10),25 Oct 05:00,26.55
2019-10-28,ปตท,แก๊สโซฮอล ออกเทน 95 (Gasohol 95-E10),25 Oct 05:00,26.55
2019-10-28,บางจาก,แก๊สโซฮอล ออกเทน 95 (Gasohol 95-E10),25 Oct 05:00,26.55
2019-10-28,เชลล์,แก๊สโซฮอล ออกเทน 95 (Gasohol 95-E10),25 Oct 05:00,26.55
2019-10-29,ปตท,แก๊สโซฮอล ออกเทน 95 (Gasohol 95-E10),25 Oct 05:00,26.55
2019-10-29,บางจาก,แก๊สโซฮอล ออกเทน 95 (Gasohol 95-E10),25 Oct 05:00,26.55
2019-10-29,เชลล์,แก๊สโซฮอล ออกเทน 95 (Gasohol 95-E10),25 Oct 05:00,26.55
2019-10-30,ปตท,แก๊สโซฮอล ออกเทน 95 (Gasohol 95-E10),25 Oct 05:00,26.55
2019-10-30,บางจาก,แก๊สโซฮอล ออกเทน 95 (Gasohol 95-E10),25 Oct 05:00,26.55
2019-10-30,เชลล์,แก๊สโซฮอล ออกเทน 95 (Gasohol 95-E10),25 Oct 05:00,26.55
2019-10-31,ปตท,แก๊สโซฮอล ออกเทน 95 (Gasohol 95-E10),30 Oct 05:00,26.55
2019-10-31,บางจาก,แก๊สโซฮอล ออกเทน 95 (Gasohol 95-E10),30 Oct 05:00,26.55
2019-10-31,เชลล์,แก๊สโซฮอล ออกเทน 95 (Gasohol 95-E10),30 Oct 05:00,26.55
2019-11-01,ปตท,แก๊สโซฮอล ออกเทน 95 (Gasohol 95-E10),30 Oct 05:00,26.55
2019-11-01,บางจาก,แก๊สโซฮอล ออกเทน 95 (Gasohol 95-E10),30 Oct 05:00,26.55
2019-11-01,เชลล์,แก๊สโซฮอล ออกเทน 95 (Gasohol 95-E10),30 Oct 05:00,26.55
2019-11-02,ปตท,แก๊สโซฮอล ออกเทน 95 (Gasohol 95-E10),01 Nov 05:00,26.25
2019-11-02,บางจาก,แก๊สโซฮอล ออกเทน 95 (Gasohol 95-E10),01 Nov 05:00,26.25
2019-11-02,เชลล์,แก๊สโซฮอล ออกเทน 95 (Gasohol 95-E10),01 Nov 05:00,26.25
2019-11-03,ปตท,แก๊สโซฮอล ออกเทน 95 (Gasohol 95-E10),01 Nov 05:00,26.25
2019-11-03,บางจาก,แก๊สโซฮอล ออกเทน 95 (Gasohol 95-E10),01 Nov 05:00,26.25
2019-11-03,เชลล์,แก๊สโซฮอล ออกเทน 95 (Gasohol 95-E10),01 Nov 05:00,26.25
2019-11-04,ปตท,แก๊สโซฮอล ออกเทน 95 (Gasohol 95-E10),01 Nov 05:00,26.25
2019-11-04,บางจาก,แก๊สโซฮอล ออกเทน 95 (Gasohol 95-E10),01 Nov 05:00,26.25
2019-11-04,เชลล์,แก๊สโซฮอล ออกเทน 95 (Gasohol 95-E10),01 Nov 05:00,26.25
2019-11-05,ปตท,แก๊สโซฮอล ออกเทน 95 (Gasohol 95-E10),01 Nov 05:00,26.25
2019-11-05,บางจาก,แก๊สโซฮอล ออกเทน 95 (Gasohol 95-E10),01 Nov 05:00,26.25
2019-11-05,เชลล์,แก๊สโซฮอล ออกเทน 95 (Gasohol 95-E10),01 Nov 05:00,26.25
2019-11-06,ปตท,แก๊สโซฮอล ออกเทน 95 (Gasohol 95-E10),01 Nov 05:00,26.25
2019-11-06,บางจาก,แก๊สโซฮอล ออกเทน 95 (Gasohol 95-E10),01 Nov 05:00,26.25
2019-11-06,เชลล์,แก๊สโซฮอล ออกเทน 95 (Gasohol 95-E10),01 Nov 05:00,26.25
2019-11-07,ปตท,แก๊สโซฮอล ออกเทน 95 (Gasohol 95-E10),01 Nov 05:00,26.25
2019-11-07,บางจาก,แก๊สโซฮอล ออกเทน 95 (Gasohol 95-E10),01 Nov 05:00,26.25
2019-11-07,เชลล์,แก๊สโซฮอล ออกเทน 95 (Gasohol 95-E10),01 Nov 05:00,26.25
2019-11-08,ปตท,แก๊สโซฮอล ออกเทน 95 (Gasohol 95-E10),07 Nov 05:00,26.75
2019-11-08,บางจาก,แก๊สโซฮอล ออกเทน 95 (Gasohol 95-E10),07 Nov 05:00,26.75
2019-11-08,เชลล์,แก๊สโซฮอล ออกเทน 95 (Gasohol 95-E10),07 Nov 05:00,26.75
2019-11-09,ปตท,แก๊สโซฮอล ออกเทน 95 (Gasohol 95-E10),07 Nov 05:00,26.75
2019-11-09,บางจาก,แก๊สโซฮอล ออกเทน 95 (Gasohol 95-E10),07 Nov 05:00,26.75
2019-11-09,เชลล์,แก๊สโซฮอล ออกเทน 95 (Gasohol 95-E10),07 Nov 05:00,26.75
2019-11-10,ปตท,แก๊สโซฮอล ออกเทน 95 (Gasohol 95-E10),07 Nov 05:00,26.75
2019-11-10,บางจาก,แก๊สโซฮอล ออกเทน 95 (Gasohol 95-E10),07 Nov 05:00,26.75
2019-11-10,เชลล์,แก๊สโซฮอล ออกเทน 95 (Gasohol 95-E10),07 Nov 05:00,26.75
2019-11-11,ปตท,แก๊สโซฮอล ออกเทน 95 (Gasohol 95-E10),07 Nov 05:00,26.75
2019-11-11,บางจาก,แก๊สโซฮอล ออกเทน 95 (Gasohol 95-E10),07 Nov 05:00,26.75
2019-11-11,เชลล์,แก๊สโซฮอล ออกเทน 95 (Gasohol 95-E10),07 Nov 05:00,26.75
2019-11-12,ปตท,แก๊สโซฮอล ออกเทน 95 (Gasohol 95-E10),07 Nov 05:00,26.75
2019-11-12,บางจาก,แก๊สโซฮอล ออกเทน 95 (Gasohol 95-E10),07 Nov 05:00,26.75
2019-11-12,เชลล์,แก๊สโซฮอล ออกเทน 95 (Gasohol 95-E10),07 Nov 05:00,26.75
2019-11-13,ปตท,แก๊สโซฮอล ออกเทน 95 (Gasohol 95-E10),12 Nov 05:00,27.25
2019-11-13,บางจาก,แก๊สโซฮอล ออกเทน 95 (Gasohol 95-E10),12 Nov 05:00,27.25
2019-11-13,เชลล์,แก๊สโซฮอล ออกเทน 95 (Gasohol 95-E10),12 Nov 05:00,27.25
2019-11-14,ปตท,แก๊สโซฮอล ออกเทน 95 (Gasohol 95-E10),12 Nov 05:00,27.25
2019-11-14,บางจาก,แก๊สโซฮอล ออกเทน 95 (Gasohol 95-E10),12 Nov 05:00,27.25
2019-11-14,เชลล์,แก๊สโซฮอล ออกเทน 95 (Gasohol 95-E10),12 Nov 05:00,27.25
2019-11-15,ปตท,แก๊สโซฮอล ออกเทน 95 (Gasohol 95-E10),12 Nov 05:00,27.25
2019-11-15,บางจาก,แก๊สโซฮอล ออกเทน 95 (Gasohol 95-E10),12 Nov 05:00,27.25
2019-11-15,เชลล์,แก๊สโซฮอล ออกเทน 95 (Gasohol 95-E10),12 Nov 05:00,27.25
2019-11-16,ปตท,แก๊สโซฮอล ออกเทน 95 (Gasohol 95-E10),15 Nov 05:00,27.55
2019-11-16,บางจาก,แก๊สโซฮอล ออกเทน 95 (Gasohol 95-E10),15 Nov 05:00,27.55
2019-11-16,เชลล์,แก๊สโซฮอล ออกเทน 95 (Gasohol 95-E10),15 Nov 05:00,27.55
2019-11-17,ปตท,แก๊สโซฮอล ออกเทน 95 (Gasohol 95-E10),15 Nov 05:00,27.55
2019-11-17,บางจาก,แก๊สโซฮอล ออกเทน 95 (Gasohol 95-E10),15 Nov 05:00,27.55
2019-11-17,เชลล์,แก๊สโซฮอล ออกเทน 95 (Gasohol 95-E10),15 Nov 05:00,27.55
2019-11-18,ปตท,แก๊สโซฮอล ออกเทน 95 (Gasohol 95-E10),15 Nov 05:00,27.55
2019-11-18,บางจาก,แก๊สโซฮอล ออกเทน 95 (Gasohol 95-E10),15 Nov 05:00,27.55
2019-11-18,เชลล์,แก๊สโซฮอล ออกเทน 95 (Gasohol 95-E10),15 Nov 05:00,27.55
2019-11-19,ปตท,แก๊สโซฮอล ออกเทน 95 (Gasohol 95-E10),15 Nov 05:00,27.55
2019-11-19,บางจาก,แก๊สโซฮอล ออกเทน 95 (Gasohol 95-E10),15 Nov 05:00,27.55
2019-11-19,เชลล์,แก๊สโซฮอล ออกเทน 95 (Gasohol 95-E10),15 Nov 05:00,27.55
2019-11-20,ปตท,แก๊สโซฮอล ออกเทน 95 (Gasohol 95-E10),15 Nov 05:00,27.55
2019-11-20,บางจาก,แก๊สโซฮอล ออกเทน 95 (Gasohol 95-E10),15 Nov 05:00,27.55
2019-11-20,เชลล์,แก๊สโซฮอล ออกเทน 95 (Gasohol 95-E10),15 Nov 05:00,27.55
2019-11-21,ปตท,แก๊สโซฮอล ออกเทน 95 (Gasohol 95-E10),20 Nov 05:00,27.55
2019-11-21,บางจาก,แก๊สโซฮอล ออกเทน 95 (Gasohol 95-E10),20 Nov 05:00,27.55
2019-11-21,เชลล์,แก๊สโซฮอล ออกเทน 95 (Gasohol 95-E10),20 Nov 05:00,27.55
2019-11-22,ปตท,แก๊สโซฮอล ออกเทน 95 (Gasohol 95-E10),21 Nov 05:00,27.25
2019-11-22,บางจาก,แก๊สโซฮอล ออกเทน 95 (Gasohol 95-E10),21 Nov 05:00,27.25
2019-11-22,เชลล์,แก๊สโซฮอล ออกเทน 95 (Gasohol 95-E10),21 Nov 05:00,27.25
2019-11-23,ปตท,แก๊สโซฮอล ออกเทน 95 (Gasohol 95-E10),21 Nov 05:00,27.25
2019-11-23,บางจาก,แก๊สโซฮอล ออกเทน 95 (Gasohol 95-E10),21 Nov 05:00,27.25
2019-11-23,เชลล์,แก๊สโซฮอล ออกเทน 95 (Gasohol 95-E10),21 Nov 05:00,27.25
2019-11-24,ปตท,แก๊สโซฮอล ออกเทน 95 (Gasohol 95-E10),21 Nov 05:00,27.25
2019-11-24,บางจาก,แก๊สโซฮอล ออกเทน 95 (Gasohol 95-E10),21 Nov 05:00,27.25
2019-11-24,เชลล์,แก๊สโซฮอล ออกเทน 95 (Gasohol 95-E10),21 Nov 05:00,27.25
2019-11-25,ปตท,แก๊สโซฮอล ออกเทน 95 (Gasohol 95-E10),21 Nov 05:00,27.25
2019-11-25,บางจาก,แก๊สโซฮอล ออกเทน 95 (Gasohol 95-E10),21 Nov 05:00,27.25
2019-11-25,เชลล์,แก๊สโซฮอล ออกเทน 95 (Gasohol 95-E10),21 Nov 05:00,27.25
2019-11-26,ปตท,แก๊สโซฮอล ออกเทน 95 (Gasohol 95-E10),21 Nov 05:00,27.25
2019-11-26,บางจาก,แก๊สโซฮอล ออกเทน 95 (Gasohol 95-E10),21 Nov 05:00,27.25
2019-11-26,เชลล์,แก๊สโซฮอล ออกเทน 95 (Gasohol 95-E10),21 Nov 05:00,27.25
2019-11-27,ปตท,แก๊สโซฮอล ออกเทน 95 (Gasohol 95-E10),21 Nov 05:00,27.25
2019-11-27,บางจาก,แก๊สโซฮอล ออกเทน 95 (Gasohol 95-E10),21 Nov 05:00,27.25
2019-11-27,เชลล์,แก๊สโซฮอล ออกเทน 95 (Gasohol 95-E10),21 Nov 05:00,27.25
2019-11-28,ปตท,แก๊สโซฮอล ออกเทน 95 (Gasohol 95-E10),21 Nov 05:00,27.25
2019-11-28,บางจาก,แก๊สโซฮอล ออกเทน 95 (Gasohol 95-E10),21 Nov 05:00,27.25
2019-11-28,เชลล์,แก๊สโซฮอล ออกเทน 95 (Gasohol 95-E10),21 Nov 05:00,27.25
2019-11-29,ปตท,แก๊สโซฮอล ออกเทน 95 (Gasohol 95-E10),28 Nov 05:00,27.25
2019-11-29,บางจาก,แก๊สโซฮอล ออกเทน 95 (Gasohol 95-E10),28 Nov 05:00,27.25
2019-11-29,เชลล์,แก๊สโซฮอล ออกเทน 95 (Gasohol 95-E10),28 Nov 05:00,27.25
2019-11-30,ปตท,แก๊สโซฮอล ออกเทน 95 (Gasohol 95-E10),28 Nov 05:00,27.25
2019-11-30,บางจาก,แก๊สโซฮอล ออกเทน 95 (Gasohol 95-E10),28 Nov 05:00,27.25
2019-11-30,เชลล์,แก๊สโซฮอล ออกเทน 95 (Gasohol 95-E10),28 Nov 05:00,27.25
2019-12-01,ปตท,แก๊สโซฮอล ออกเทน 95 (Gasohol 95-E10),30 Nov 05:00,26.95
2019-12-01,บางจาก,แก๊สโซฮอล ออกเทน 95 (Gasohol 95-E10),30 Nov 05:00,26.95
2019-12-01,เชลล์,แก๊สโซฮอล ออกเทน 95 (Gasohol 95-E10),30 Nov 05:00,26.95
2019-12-02,ปตท,แก๊สโซฮอล ออกเทน 95 (Gasohol 95-E10),30 Nov 05:00,26.95
2019-12-02,บางจาก,แก๊สโซฮอล ออกเทน 95 (Gasohol 95-E10),30 Nov 05:00,26.95
2019-12-02,เชลล์,แก๊สโซฮอล ออกเทน 95 (Gasohol 95-E10),30 Nov 05:00,26.95
2019-12-03,ปตท,แก๊สโซฮอล ออกเทน 95 (Gasohol 95-E10),30 Nov 05:00,26.95
2019-12-03,บางจาก,แก๊สโซฮอล ออกเทน 95 (Gasohol 95-E10),30 Nov 05:00,26.95
2019-12-03,เชลล์,แก๊สโซฮอล ออกเทน 95 (Gasohol 95-E10),30 Nov 05:00,26.95
2019-12-04,ปตท,แก๊สโซฮอล ออกเทน 95 (Gasohol 95-E10),30 Nov 05:00,26.95
2019-12-04,บางจาก,แก๊สโซฮอล ออกเทน 95 (Gasohol 95-E10),30 Nov 05:00,26.95
2019-12-04,เชลล์,แก๊สโซฮอล ออกเทน 95 (Gasohol 95-E10),30 Nov 05:00,26.95
2019-12-05,ปตท,แก๊สโซฮอล ออกเทน 95 (Gasohol 95-E10),30 Nov 05:00,26.95
2019-12-05,บางจาก,แก๊สโซฮอล ออกเทน 95 (Gasohol 95-E10),30 Nov 05:00,26.95
2019-12-05,เชลล์,แก๊สโซฮอล ออกเทน 95 (Gasohol 95-E10),30 Nov 05:00,26.95
2019-12-06,ปตท,แก๊สโซฮอล ออกเทน 95 (Gasohol 95-E10),05 Dec 05:00,26.95
2019-12-06,บางจาก,แก๊สโซฮอล ออกเทน 95 (Gasohol 95-E10),05 Dec 05:00,26.95
2019-12-06,เชลล์,แก๊สโซฮอล ออกเทน 95 (Gasohol 95-E10),05 Dec 05:00,26.95
2019-12-07,ปตท,แก๊สโซฮอล ออกเทน 95 (Gasohol 95-E10),05 Dec 05:00,26.95
2019-12-07,บางจาก,แก๊สโซฮอล ออกเทน 95 (Gasohol 95-E10),05 Dec 05:00,26.95
2019-12-07,เชลล์,แก๊สโซฮอล ออกเทน 95 (Gasohol 95-E10),05 Dec 05:00,26.95
2019-12-08,ปตท,แก๊สโซฮอล ออกเทน 95 (Gasohol 95-E10),07 Dec 05:00,26.95
2019-12-08,บางจาก,แก๊สโซฮอล ออกเทน 95 (Gasohol 95-E10),07 Dec 05:00,26.95
2019-12-08,เชลล์,แก๊สโซฮอล ออกเทน 95 (Gasohol 95-E10),07 Dec 05:00,26.95
2019-12-09,ปตท,แก๊สโซฮอล ออกเทน 95 (Gasohol 95-E10),07 Dec 05:00,26.95
2019-12-09,บางจาก,แก๊สโซฮอล ออกเทน 95 (Gasohol 95-E10),07 Dec 05:00,26.95
2019-12-09,เชลล์,แก๊สโซฮอล ออกเทน 95 (Gasohol 95-E10),07 Dec 05:00,26.95
2019-12-10,ปตท,แก๊สโซฮอล ออกเทน 95 (Gasohol 95-E10),07 Dec 05:00,26.95
2019-12-10,บางจาก,แก๊สโซฮอล ออกเทน 95 (Gasohol 95-E10),07 Dec 05:00,26.95
2019-12-10,เชลล์,แก๊สโซฮอล ออกเทน 95 (Gasohol 95-E10),07 Dec 05:00,26.95
2019-12-11,ปตท,แก๊สโซฮอล ออกเทน 95 (Gasohol 95-E10),10 Dec 05:00,27.35
2019-12-11,บางจาก,แก๊สโซฮอล ออกเทน 95 (Gasohol 95-E10),10 Dec 05:00,27.35
2019-12-11,เชลล์,แก๊สโซฮอล ออกเทน 95 (Gasohol 95-E10),10 Dec 05:00,27.35
2019-12-12,ปตท,แก๊สโซฮอล ออกเทน 95 (Gasohol 95-E10),10 Dec 05:00,27.35
2019-12-12,บางจาก,แก๊สโซฮอล ออกเทน 95 (Gasohol 95-E10),10 Dec 05:00,27.35
2019-12-12,เชลล์,แก๊สโซฮอล ออกเทน 95 (Gasohol 95-E10),10 Dec 05:00,27.35
2019-12-13,ปตท,แก๊สโซฮอล ออกเทน 95 (Gasohol 95-E10),10 Dec 05:00,27.35
2019-12-13,บางจาก,แก๊สโซฮอล ออกเทน 95 (Gasohol 95-E10),10 Dec 05:00,27.35
2019-12-13,เชลล์,แก๊สโซฮอล ออกเทน 95 (Gasohol 95-E10),10 Dec 05:00,27.35
2019-12-14,ปตท,แก๊สโซฮอล ออกเทน 95 (Gasohol 95-E10),10 Dec 05:00,27.35
2019-12-14,บางจาก,แก๊สโซฮอล ออกเทน 95 (Gasohol 95-E10),10 Dec 05:00,27.35
2019-12-14,เชลล์,แก๊สโซฮอล ออกเทน 95 (Gasohol 95-E10),10 Dec 05:00,27.35
2019-12-15,ปตท,แก๊สโซฮอล ออกเทน 95 (Gasohol 95-E10),14 Dec 05:00,26.85
2019-12-15,บางจาก,แก๊สโซฮอล ออกเทน 95 (Gasohol 95-E10),14 Dec 05:00,26.85
2019-12-15,เชลล์,แก๊สโซฮอล ออกเทน 95 (Gasohol 95-E10),14 Dec 05:00,26.85
2019-12-16,ปตท,แก๊สโซฮอล ออกเทน 95 (Gasohol 95-E10),14 Dec 05:00,26.85
2019-12-16,บางจาก,แก๊สโซฮอล ออกเทน 95 (Gasohol 95-E10),14 Dec 05:00,26.85
2019-12-16,เชลล์,แก๊สโซฮอล ออกเทน 95 (Gasohol 95-E10),14 Dec 05:00,26.85
2019-12-17,ปตท,แก๊สโซฮอล ออกเทน 95 (Gasohol 95-E10),14 Dec 05:00,26.85
2019-12-17,บางจาก,แก๊สโซฮอล ออกเทน 95 (Gasohol 95-E10),14 Dec 05:00,26.85
2019-12-17,เชลล์,แก๊สโซฮอล ออกเทน 95 (Gasohol 95-E10),14 Dec 05:00,26.85
2019-12-18,ปตท,แก๊สโซฮอล ออกเทน 95 (Gasohol 95-E10),14 Dec 05:00,26.85
2019-12-18,บางจาก,แก๊สโซฮอล ออกเทน 95 (Gasohol 95-E10),14 Dec 05:00,26.85
2019-12-18,เชลล์,แก๊สโซฮอล ออกเทน 95 (Gasohol 95-E10),14 Dec 05:00,26.85
2019-12-19,ปตท,แก๊สโซฮอล ออกเทน 95 (Gasohol 95-E10),18 Dec 05:00,26.85
2019-12-19,บางจาก,แก๊สโซฮอล ออกเทน 95 (Gasohol 95-E10),18 Dec 05:00,26.85
2019-12-19,เชลล์,แก๊สโซฮอล ออกเทน 95 (Gasohol 95-E10),18 Dec 05:00,26.85
2019-12-20,ปตท,แก๊สโซฮอล ออกเทน 95 (Gasohol 95-E10),18 Dec 05:00,26.85
2019-12-20,บางจาก,แก๊สโซฮอล ออกเทน 95 (Gasohol 95-E10),18 Dec 05:00,26.85
2019-12-20,เชลล์,แก๊สโซฮอล ออกเทน 95 (Gasohol 95-E10),18 Dec 05:00,26.85
2019-12-21,ปตท,แก๊สโซฮอล ออกเทน 95 (Gasohol 95-E10),20 Dec 05:00,26.85
2019-12-21,บางจาก,แก๊สโซฮอล ออกเทน 95 (Gasohol 95-E10),20 Dec 05:00,26.85
2019-12-21,เชลล์,แก๊สโซฮอล ออกเทน 95 (Gasohol 95-E10),20 Dec 05:00,26.85
2019-12-22,ปตท,แก๊สโซฮอล ออกเทน 95 (Gasohol 95-E10),20 Dec 05:00,26.85
2019-12-22,บางจาก,แก๊สโซฮอล ออกเทน 95 (Gasohol 95-E10),20 Dec 05:00,26.85
2019-12-22,เชลล์,แก๊สโซฮอล ออกเทน 95 (Gasohol 95-E10),20 Dec 05:00,26.85
2019-12-23,ปตท,แก๊สโซฮอล ออกเทน 95 (Gasohol 95-E10),20 Dec 05:00,26.85
2019-12-23,บางจาก,แก๊สโซฮอล ออกเทน 95 (Gasohol 95-E10),20 Dec 05:00,26.85
2019-12-23,เชลล์,แก๊สโซฮอล ออกเทน 95 (Gasohol 95-E10),20 Dec 05:00,26.85
2019-12-24,ปตท,แก๊สโซฮอล ออกเทน 95 (Gasohol 95-E10),20 Dec 05:00,26.85
2019-12-24,บางจาก,แก๊สโซฮอล ออกเทน 95 (Gasohol 95-E10),20 Dec 05:00,26.85
2019-12-24,เชลล์,แก๊สโซฮอล ออกเทน 95 (Gasohol 95-E10),20 Dec 05:00,26.85
2019-12-25,ปตท,แก๊สโซฮอล ออกเทน 95 (Gasohol 95-E10),24 Dec 05:00,27.25
2019-12-25,บางจาก,แก๊สโซฮอล ออกเทน 95 (Gasohol 95-E10),24 Dec 05:00,27.25
2019-12-25,เชลล์,แก๊สโซฮอล ออกเทน 95 (Gasohol 95-E10),24 Dec 05:00,27.25
2019-12-26,ปตท,แก๊สโซฮอล ออกเทน 95 (Gasohol 95-E10),24 Dec 05:00,27.25
2019-12-26,บางจาก,แก๊สโซฮอล ออกเทน 95 (Gasohol 95-E10),24 Dec 05:00,27.25
2019-12-26,เชลล์,แก๊สโซฮอล ออกเทน 95 (Gasohol 95-E10),24 Dec 05:00,27.25
2019-12-27,ปตท,แก๊สโซฮอล ออกเทน 95 (Gasohol 95-E10),26 Dec 05:00,26.25
2019-12-27,บางจาก,แก๊สโซฮอล ออกเทน 95 (Gasohol 95-E10),26 Dec 05:00,26.25
2019-12-27,เชลล์,แก๊สโซฮอล ออกเทน 95 (Gasohol 95-E10),26 Dec 05:00,26.25
2019-12-28,ปตท,แก๊สโซฮอล ออกเทน 95 (Gasohol 95-E10),26 Dec 05:00,26.25
2019-12-28,บางจาก,แก๊สโซฮอล ออกเทน 95 (Gasohol 95-E10),26 Dec 05:00,26.25
2019-12-28,เชลล์,แก๊สโซฮอล ออกเทน 95 (Gasohol 95-E10),26 Dec 05:00,26.25
2019-12-29,ปตท,แก๊สโซฮอล ออกเทน 95 (Gasohol 95-E10),26 Dec 05:00,26.25
2019-12-29,บางจาก,แก๊สโซฮอล ออกเทน 95 (Gasohol 95-E10),26 Dec 05:00,26.25
2019-12-29,เชลล์,แก๊สโซฮอล ออกเทน 95 (Gasohol 95-E10),26 Dec 05:00,26.25
2019-12-30,ปตท,แก๊สโซฮอล ออกเทน 95 (Gasohol 95-E10),26 Dec 05:00,26.25
2019-12-30,บางจาก,แก๊สโซฮอล ออกเทน 95 (Gasohol 95-E10),26 Dec 05:00,26.25
2019-12-30,เชลล์,แก๊สโซฮอล ออกเทน 95 (Gasohol 95-E10),26 Dec 05:00,26.25
2019-12-31,ปตท,แก๊สโซฮอล ออกเทน 95 (Gasohol 95-E10),26 Dec 05:00,26.25
2019-12-31,บางจาก,แก๊สโซฮอล ออกเทน 95 (Gasohol 95-E10),26 Dec 05:00,26.25
2019-12-31,เชลล์,แก๊สโซฮอล ออกเทน 95 (Gasohol 95-E10),26 Dec 05:00,26.25
